ID,Name,Age,Nationality,Flag,Overall,Potential,Club,Club Logo,Value,Wage,Special,Preferred Foot,International Reputation,Weak Foot,Skill Moves,Work Rate,Body Type,Real Face,Position,Jersey Number,Joined,Loaned From,Contract Valid Until,Height,Weight,LS,ST,RS,LW,LF,CF,RF,RW,LAM,CAM,RAM,LM,LCM,CM,RCM,RM,LWB,LDM,CDM,RDM,RWB,LB,LCB,CB,RCB,RB,Crossing,Finishing,HeadingAccuracy,ShortPassing,Volleys,Dribbling,Curve,FKAccuracy,LongPassing,BallControl,Acceleration,SprintSpeed,Agility,Reactions,Balance,ShotPower,Jumping,Stamina,Strength,LongShots,Aggression,Interceptions,Positioning,Vision,Penalties,Composure,Marking,StandingTackle,SlidingTackle,GKDiving,GKHandling,GKKicking,GKPositioning,GKReflexes,Release Clause
158023,L. Messi,31,Argentina,https://cdn.sofifa.org/flags/52.png,94,94,FC Barcelona,https://cdn.sofifa.org/teams/2/light/241.png,€110.5M,€565K,2202,Left,5,4,4,Medium/ Medium,Messi,Yes,RF,10,"Jul 1, 2004",,2021,5'7,159lbs,88+2,88+2,88+2,92+2,93+2,93+2,93+2,92+2,93+2,93+2,93+2,91+2,84+2,84+2,84+2,91+2,64+2,61+2,61+2,61+2,64+2,59+2,47+2,47+2,47+2,59+2,84,95,70,90,86,97,93,94,87,96,91,86,91,95,95,85,68,72,59,94,48,22,94,94,75,96,33,28,26,6,11,15,14,8,€226.5M
20801,Cristiano Ronaldo,33,Portugal,https://cdn.sofifa.org/flags/38.png,94,94,Juventus,https://cdn.sofifa.org/teams/2/light/45.png,€77M,€405K,2228,Right,5,4,5,High/ Low,C. Ronaldo,Yes,ST,7,"Jul 10, 2018",,2022,6'2,183lbs,91+3,91+3,91+3,89+3,90+3,90+3,90+3,89+3,88+3,88+3,88+3,88+3,81+3,81+3,81+3,88+3,65+3,61+3,61+3,61+3,65+3,61+3,53+3,53+3,53+3,61+3,84,94,89,81,87,88,81,76,77,94,89,91,87,96,70,95,95,88,79,93,63,29,95,82,85,95,28,31,23,7,11,15,14,11,€127.1M
190871,Neymar Jr,26,Brazil,https://cdn.sofifa.org/flags/54.png,92,93,Paris Saint-Germain,https://cdn.sofifa.org/teams/2/light/73.png,€118.5M,€290K,2143,Right,5,5,5,High/ Medium,Neymar,Yes,LW,10,"Aug 3, 2017",,2022,5'9,150lbs,84+3,84+3,84+3,89+3,89+3,89+3,89+3,89+3,89+3,89+3,89+3,88+3,81+3,81+3,81+3,88+3,65+3,60+3,60+3,60+3,65+3,60+3,47+3,47+3,47+3,60+3,79,87,62,84,84,96,88,87,78,95,94,90,96,94,84,80,61,81,49,82,56,36,89,87,81,94,27,24,33,9,9,15,15,11,€228.1M
193080,De Gea,27,Spain,https://cdn.sofifa.org/flags/45.png,91,93,Manchester United,https://cdn.sofifa.org/teams/2/light/11.png,€72M,€260K,1471,Right,4,3,1,Medium/ Medium,Lean,Yes,GK,1,"Jul 1, 2011",,2020,6'4,168lbs,,,,,,,,,,,,,,,,,,,,,,,,,,,17,13,21,50,13,18,21,19,51,42,57,58,60,90,43,31,67,43,64,12,38,30,12,68,40,68,15,21,13,90,85,87,88,94,€138.6M
192985,K. De Bruyne,27,Belgium,https://cdn.sofifa.org/flags/7.png,91,92,Manchester City,https://cdn.sofifa.org/teams/2/light/10.png,€102M,€355K,2281,Right,4,5,4,High/ High,Normal,Yes,RCM,7,"Aug 30, 2015",,2023,5'11,154lbs,82+3,82+3,82+3,87+3,87+3,87+3,87+3,87+3,88+3,88+3,88+3,88+3,87+3,87+3,87+3,88+3,77+3,77+3,77+3,77+3,77+3,73+3,66+3,66+3,66+3,73+3,93,82,55,92,82,86,85,83,91,91,78,76,79,91,77,91,63,90,75,91,76,61,87,94,79,88,68,58,51,15,13,5,10,13,€196.4M
183277,E. Hazard,27,Belgium,https://cdn.sofifa.org/flags/7.png,91,91,Chelsea,https://cdn.sofifa.org/teams/2/light/5.png,€93M,€340K,2142,Right,4,4,4,High/ Medium,Normal,Yes,LF,10,"Jul 1, 2012",,2020,5'8,163lbs,83+3,83+3,83+3,89+3,88+3,88+3,88+3,89+3,89+3,89+3,89+3,89+3,82+3,82+3,82+3,89+3,66+3,63+3,63+3,63+3,66+3,60+3,49+3,49+3,49+3,60+3,81,84,61,89,80,95,83,79,83,94,94,88,95,90,94,82,56,83,66,80,54,41,87,89,86,91,34,27,22,11,12,6,8,8,€172.1M
177003,L. Modri?,32,Croatia,https://cdn.sofifa.org/flags/10.png,91,91,Real Madrid,https://cdn.sofifa.org/teams/2/light/243.png,€67M,€420K,2280,Right,4,4,4,High/ High,Lean,Yes,RCM,10,"Aug 1, 2012",,2020,5'8,146lbs,77+3,77+3,77+3,85+3,84+3,84+3,84+3,85+3,87+3,87+3,87+3,86+3,88+3,88+3,88+3,86+3,82+3,81+3,81+3,81+3,82+3,79+3,71+3,71+3,71+3,79+3,86,72,55,93,76,90,85,78,88,93,80,72,93,90,94,79,68,89,58,82,62,83,79,92,82,84,60,76,73,13,9,7,14,9,€137.4M
176580,L. Suárez,31,Uruguay,https://cdn.sofifa.org/flags/60.png,91,91,FC Barcelona,https://cdn.sofifa.org/teams/2/light/241.png,€80M,€455K,2346,Right,5,4,3,High/ Medium,Normal,Yes,RS,9,"Jul 11, 2014",,2021,6'0,190lbs,87+5,87+5,87+5,86+5,87+5,87+5,87+5,86+5,85+5,85+5,85+5,84+5,79+5,79+5,79+5,84+5,69+5,68+5,68+5,68+5,69+5,66+5,63+5,63+5,63+5,66+5,77,93,77,82,88,87,86,84,64,90,86,75,82,92,83,86,69,90,83,85,87,41,92,84,85,85,62,45,38,27,25,31,33,37,€164M
155862,Sergio Ramos,32,Spain,https://cdn.sofifa.org/flags/45.png,91,91,Real Madrid,https://cdn.sofifa.org/teams/2/light/243.png,€51M,€380K,2201,Right,4,3,3,High/ Medium,Normal,Yes,RCB,15,"Aug 1, 2005",,2020,6'0,181lbs,73+3,73+3,73+3,70+3,71+3,71+3,71+3,70+3,71+3,71+3,71+3,72+3,75+3,75+3,75+3,72+3,81+3,84+3,84+3,84+3,81+3,84+3,87+3,87+3,87+3,84+3,66,60,91,78,66,63,74,72,77,84,76,75,78,85,66,79,93,84,83,59,88,90,60,63,75,82,87,92,91,11,8,9,7,11,€104.6M
200389,J. Oblak,25,Slovenia,https://cdn.sofifa.org/flags/44.png,90,93,Atlético Madrid,https://cdn.sofifa.org/teams/2/light/240.png,€68M,€94K,1331,Right,3,3,1,Medium/ Medium,Normal,Yes,GK,1,"Jul 16, 2014",,2021,6'2,192lbs,,,,,,,,,,,,,,,,,,,,,,,,,,,13,11,15,29,13,12,13,14,26,16,43,60,67,86,49,22,76,41,78,12,34,19,11,70,11,70,27,12,18,86,92,78,88,89,€144.5M
188545,R. Lewandowski,29,Poland,https://cdn.sofifa.org/flags/37.png,90,90,FC Bayern München,https://cdn.sofifa.org/teams/2/light/21.png,€77M,€205K,2152,Right,4,4,4,High/ Medium,Normal,Yes,ST,9,"Jul 1, 2014",,2021,6'0,176lbs,87+3,87+3,87+3,83+3,86+3,86+3,86+3,83+3,83+3,83+3,83+3,81+3,77+3,77+3,77+3,81+3,61+3,62+3,62+3,62+3,61+3,58+3,57+3,57+3,57+3,58+3,62,91,85,83,89,85,77,86,65,89,77,78,78,90,78,88,84,78,84,84,80,39,91,77,88,86,34,42,19,15,6,12,8,10,€127.1M
182521,T. Kroos,28,Germany,https://cdn.sofifa.org/flags/21.png,90,90,Real Madrid,https://cdn.sofifa.org/teams/2/light/243.png,€76.5M,€355K,2190,Right,4,5,3,Medium/ Medium,Normal,Yes,LCM,8,"Jul 17, 2014",,2022,6'0,168lbs,78+3,78+3,78+3,81+3,82+3,82+3,82+3,81+3,84+3,84+3,84+3,82+3,86+3,86+3,86+3,82+3,79+3,82+3,82+3,82+3,79+3,77+3,72+3,72+3,72+3,77+3,88,76,54,92,82,81,86,84,93,90,64,62,70,89,71,87,30,75,73,92,60,82,79,86,73,85,72,79,69,10,11,13,7,10,€156.8M
182493,D. Godín,32,Uruguay,https://cdn.sofifa.org/flags/60.png,90,90,Atlético Madrid,https://cdn.sofifa.org/teams/2/light/240.png,€44M,€125K,1946,Right,3,3,2,Medium/ High,Lean,Yes,CB,10,"Aug 4, 2010",,2019,6'2,172lbs,64+3,64+3,64+3,61+3,62+3,62+3,62+3,61+3,62+3,62+3,62+3,63+3,68+3,68+3,68+3,63+3,76+3,81+3,81+3,81+3,76+3,79+3,87+3,87+3,87+3,79+3,55,42,92,79,47,53,49,51,70,76,68,68,58,85,54,67,91,66,88,43,89,88,48,52,50,82,90,89,89,6,8,15,5,15,€90.2M
168542,David Silva,32,Spain,https://cdn.sofifa.org/flags/45.png,90,90,Manchester City,https://cdn.sofifa.org/teams/2/light/10.png,€60M,€285K,2115,Left,4,2,4,High/ Medium,Normal,Yes,LCM,21,"Jul 14, 2010",,2020,5'8,148lbs,77+3,77+3,77+3,85+3,84+3,84+3,84+3,85+3,87+3,87+3,87+3,85+3,85+3,85+3,85+3,85+3,69+3,70+3,70+3,70+3,69+3,64+3,57+3,57+3,57+3,64+3,84,76,54,93,82,89,82,77,87,94,70,64,92,90,90,72,64,78,52,75,57,50,89,92,75,93,59,53,29,6,15,7,6,12,€111M
215914,N. Kanté,27,France,https://cdn.sofifa.org/flags/18.png,89,90,Chelsea,https://cdn.sofifa.org/teams/2/light/5.png,€63M,€225K,2189,Right,3,3,2,Medium/ High,Lean,Yes,LDM,13,"Jul 16, 2016",,2023,5'6,159lbs,72+3,72+3,72+3,77+3,77+3,77+3,77+3,77+3,79+3,79+3,79+3,79+3,82+3,82+3,82+3,79+3,85+3,87+3,87+3,87+3,85+3,84+3,83+3,83+3,83+3,84+3,68,65,54,86,56,79,49,49,81,80,82,78,82,93,92,71,77,96,76,69,90,92,71,79,54,85,90,91,85,15,12,10,7,10,€121.3M
211110,P. Dybala,24,Argentina,https://cdn.sofifa.org/flags/52.png,89,94,Juventus,https://cdn.sofifa.org/teams/2/light/45.png,€89M,€205K,2092,Left,3,3,4,High/ Medium,Normal,Yes,LF,21,"Jul 1, 2015",,2022,5'10,165lbs,83+3,83+3,83+3,87+3,86+3,86+3,86+3,87+3,87+3,87+3,87+3,86+3,79+3,79+3,79+3,86+3,62+3,58+3,58+3,58+3,62+3,56+3,45+3,45+3,45+3,56+3,82,84,68,87,88,92,88,88,75,92,87,83,91,86,85,82,75,80,65,88,48,32,84,87,86,84,23,20,20,5,4,4,5,8,€153.5M
202126,H. Kane,24,England,https://cdn.sofifa.org/flags/14.png,89,91,Tottenham Hotspur,https://cdn.sofifa.org/teams/2/light/18.png,€83.5M,€205K,2165,Right,3,4,3,High/ High,Normal,Yes,ST,9,"Jul 1, 2010",,2024,6'2,196lbs,86+3,86+3,86+3,82+3,84+3,84+3,84+3,82+3,82+3,82+3,82+3,81+3,79+3,79+3,79+3,81+3,65+3,66+3,66+3,66+3,65+3,62+3,60+3,60+3,60+3,62+3,75,94,85,80,84,80,78,68,82,84,68,72,71,91,71,88,78,89,84,85,76,35,93,80,90,89,56,36,38,8,10,11,14,11,€160.7M
194765,A. Griezmann,27,France,https://cdn.sofifa.org/flags/18.png,89,90,Atlético Madrid,https://cdn.sofifa.org/teams/2/light/240.png,€78M,€145K,2246,Left,4,3,4,High/ High,Lean,Yes,CAM,7,"Jul 28, 2014",,2023,5'9,161lbs,86+3,86+3,86+3,87+3,87+3,87+3,87+3,87+3,86+3,86+3,86+3,86+3,80+3,80+3,80+3,86+3,70+3,67+3,67+3,67+3,70+3,67+3,61+3,61+3,61+3,67+3,82,90,84,83,87,88,84,78,76,90,88,85,90,90,80,80,90,83,62,82,69,35,91,83,79,87,59,47,48,14,8,14,13,14,€165.8M
192448,M. ter Stegen,26,Germany,https://cdn.sofifa.org/flags/21.png,89,92,FC Barcelona,https://cdn.sofifa.org/teams/2/light/241.png,€58M,€240K,1328,Right,3,4,1,Medium/ Medium,Normal,Yes,GK,22,"Jul 1, 2014",,2022,6'2,187lbs,,,,,,,,,,,,,,,,,,,,,,,,,,,15,14,11,36,14,17,18,12,42,18,38,50,37,85,43,22,79,35,79,10,43,22,11,69,25,69,25,13,10,87,85,88,85,90,€123.3M
192119,T. Courtois,26,Belgium,https://cdn.sofifa.org/flags/7.png,89,90,Real Madrid,https://cdn.sofifa.org/teams/2/light/243.png,€53.5M,€240K,1311,Left,4,2,1,Medium/ Medium,Courtois,Yes,GK,1,"Aug 9, 2018",,2024,6'6,212lbs,,,,,,,,,,,,,,,,,,,,,,,,,,,14,14,13,33,12,13,19,20,35,23,46,52,61,84,45,36,68,38,70,17,23,15,13,44,27,66,20,18,16,85,91,72,86,88,€113.7M
189511,Sergio Busquets,29,Spain,https://cdn.sofifa.org/flags/45.png,89,89,FC Barcelona,https://cdn.sofifa.org/teams/2/light/241.png,€51.5M,€315K,2065,Right,4,3,3,Medium/ Medium,Lean,Yes,CDM,5,"Sep 1, 2008",,2023,6'2,168lbs,71+3,71+3,71+3,74+3,76+3,76+3,76+3,74+3,79+3,79+3,79+3,76+3,83+3,83+3,83+3,76+3,79+3,86+3,86+3,86+3,79+3,78+3,82+3,82+3,82+3,78+3,62,67,68,89,44,80,66,68,82,88,50,52,66,87,52,61,66,86,77,54,85,87,77,87,60,90,90,86,80,5,8,13,9,13,€105.6M
179813,E. Cavani,31,Uruguay,https://cdn.sofifa.org/flags/60.png,89,89,Paris Saint-Germain,https://cdn.sofifa.org/teams/2/light/73.png,€60M,€200K,2161,Right,4,4,3,High/ High,Lean,Yes,LS,21,"Jul 16, 2013",,2020,6'1,170lbs,85+3,85+3,85+3,81+3,83+3,83+3,83+3,81+3,80+3,80+3,80+3,79+3,75+3,75+3,75+3,79+3,67+3,65+3,65+3,65+3,67+3,65+3,63+3,63+3,63+3,65+3,70,89,89,78,90,80,77,76,52,82,75,76,77,91,59,87,88,92,78,79,84,48,93,77,85,82,52,45,39,12,5,13,13,10,€111M
167495,M. Neuer,32,Germany,https://cdn.sofifa.org/flags/21.png,89,89,FC Bayern München,https://cdn.sofifa.org/teams/2/light/21.png,€38M,€130K,1473,Right,5,4,1,Medium/ Medium,Normal,Yes,GK,1,"Jul 1, 2011",,2021,6'4,203lbs,,,,,,,,,,,,,,,,,,,,,,,,,,,15,13,25,55,11,30,14,11,59,48,54,60,51,84,35,25,77,43,80,16,29,30,12,70,47,70,17,10,11,90,86,91,87,87,€62.7M
153079,S. Agüero,30,Argentina,https://cdn.sofifa.org/flags/52.png,89,89,Manchester City,https://cdn.sofifa.org/teams/2/light/10.png,€64.5M,€300K,2107,Right,4,4,4,High/ Medium,Stocky,Yes,ST,10,"Jul 28, 2011",,2021,5'8,154lbs,86+3,86+3,86+3,86+3,87+3,87+3,87+3,86+3,85+3,85+3,85+3,83+3,76+3,76+3,76+3,83+3,58+3,56+3,56+3,56+3,58+3,53+3,47+3,47+3,47+3,53+3,70,93,77,81,85,89,82,73,64,89,88,80,86,90,91,88,81,76,73,83,65,24,92,83,83,90,30,20,12,13,15,6,11,14,€119.3M
138956,G. Chiellini,33,Italy,https://cdn.sofifa.org/flags/27.png,89,89,Juventus,https://cdn.sofifa.org/teams/2/light/45.png,€27M,€215K,1841,Left,4,3,2,Medium/ High,Normal,Yes,LCB,3,"Jul 1, 2005",,2020,6'2,187lbs,58+3,58+3,58+3,54+3,55+3,55+3,55+3,54+3,54+3,54+3,54+3,56+3,60+3,60+3,60+3,56+3,74+3,76+3,76+3,76+3,74+3,77+3,86+3,86+3,86+3,77+3,58,33,83,59,45,58,60,31,59,57,63,75,54,82,55,78,89,65,89,49,92,88,28,50,50,84,93,93,90,3,3,2,4,3,€44.6M
231747,K. Mbappé,19,France,https://cdn.sofifa.org/flags/18.png,88,95,Paris Saint-Germain,https://cdn.sofifa.org/teams/2/light/73.png,€81M,€100K,2118,Right,3,4,5,High/ Medium,Lean,Yes,RM,10,"Jul 1, 2018",,2022,5'10,161lbs,85+3,85+3,85+3,87+3,87+3,87+3,87+3,87+3,86+3,86+3,86+3,86+3,78+3,78+3,78+3,86+3,66+3,62+3,62+3,62+3,66+3,62+3,54+3,54+3,54+3,62+3,77,88,77,82,78,90,77,63,73,91,96,96,92,87,83,79,75,83,71,78,62,38,88,82,70,86,34,34,32,13,5,7,11,6,€166.1M
209331,M. Salah,26,Egypt,https://cdn.sofifa.org/flags/111.png,88,89,Liverpool,https://cdn.sofifa.org/teams/2/light/9.png,€69.5M,€255K,2146,Left,3,3,4,High/ Medium,PLAYER_BODY_TYPE_25,Yes,RM,10,"Jul 1, 2017",,2023,5'9,157lbs,83+3,83+3,83+3,87+3,86+3,86+3,86+3,87+3,86+3,86+3,86+3,86+3,80+3,80+3,80+3,86+3,70+3,66+3,66+3,66+3,70+3,66+3,57+3,57+3,57+3,66+3,78,90,59,82,73,89,83,60,72,88,94,91,91,91,88,77,68,84,70,83,63,55,90,82,61,91,38,43,41,14,14,9,11,14,€137.3M
200145,Casemiro,26,Brazil,https://cdn.sofifa.org/flags/54.png,88,90,Real Madrid,https://cdn.sofifa.org/teams/2/light/243.png,€59.5M,€285K,2170,Right,3,3,2,Medium/ High,Normal,Yes,CDM,14,"Jul 11, 2013",,2021,6'1,185lbs,72+3,72+3,72+3,69+3,73+3,73+3,73+3,69+3,74+3,74+3,74+3,71+3,80+3,80+3,80+3,71+3,78+3,85+3,85+3,85+3,78+3,79+3,85+3,85+3,85+3,79+3,52,59,76,85,53,69,59,74,82,78,59,65,62,84,66,86,88,87,89,79,87,87,69,77,66,84,88,90,87,13,14,16,12,12,€126.4M
198710,J. Rodríguez,26,Colombia,https://cdn.sofifa.org/flags/56.png,88,89,FC Bayern München,https://cdn.sofifa.org/teams/2/light/21.png,€69.5M,€315K,2171,Left,4,3,4,Medium/ Medium,Normal,Yes,LAM,10,,Real Madrid,"Jun 30, 2019",5'11,172lbs,80+3,80+3,80+3,84+3,83+3,83+3,83+3,84+3,85+3,85+3,85+3,83+3,81+3,81+3,81+3,83+3,69+3,68+3,68+3,68+3,69+3,65+3,58+3,58+3,58+3,65+3,90,83,62,89,90,85,89,86,83,90,73,67,83,85,76,86,54,70,68,92,64,55,80,89,81,87,52,41,44,15,15,15,5,14,
198219,L. Insigne,27,Italy,https://cdn.sofifa.org/flags/27.png,88,88,Napoli,https://cdn.sofifa.org/teams/2/light/48.png,€62M,€165K,2017,Right,3,3,4,High/ Medium,Normal,Yes,LW,10,"Jul 1, 2010",,2022,5'4,130lbs,78+3,78+3,78+3,86+3,85+3,85+3,85+3,86+3,86+3,86+3,86+3,86+3,78+3,78+3,78+3,86+3,63+3,58+3,58+3,58+3,63+3,58+3,44+3,44+3,44+3,58+3,86,77,56,85,74,90,87,77,78,93,94,86,94,83,93,75,53,75,44,84,34,26,83,87,61,83,51,24,22,8,4,14,9,10,€105.4M
197781,Isco,26,Spain,https://cdn.sofifa.org/flags/45.png,88,91,Real Madrid,https://cdn.sofifa.org/teams/2/light/243.png,€73.5M,€315K,2137,Right,3,3,4,High/ Medium,Normal,Yes,LW,22,"Jul 3, 2013",,2022,5'9,174lbs,76+3,76+3,76+3,84+3,83+3,83+3,83+3,84+3,86+3,86+3,86+3,83+3,83+3,83+3,83+3,83+3,72+3,73+3,73+3,73+3,72+3,68+3,63+3,63+3,63+3,68+3,75,79,55,89,65,94,88,76,83,95,75,69,87,77,90,69,64,70,59,87,58,64,78,89,76,86,60,64,51,10,8,12,15,6,€156.2M
190460,C. Eriksen,26,Denmark,https://cdn.sofifa.org/flags/13.png,88,91,Tottenham Hotspur,https://cdn.sofifa.org/teams/2/light/18.png,€73.5M,€205K,2117,Right,3,5,4,High/ Medium,Lean,Yes,CAM,10,"Aug 30, 2013",,2020,5'11,168lbs,79+3,79+3,79+3,84+3,84+3,84+3,84+3,84+3,86+3,86+3,86+3,85+3,85+3,85+3,85+3,85+3,71+3,71+3,71+3,71+3,71+3,66+3,57+3,57+3,57+3,66+3,88,80,52,91,77,84,86,87,88,91,75,73,79,88,81,84,50,92,58,89,46,56,83,91,67,88,59,57,22,9,14,7,7,6,€141.5M
189242,Coutinho,26,Brazil,https://cdn.sofifa.org/flags/54.png,88,89,FC Barcelona,https://cdn.sofifa.org/teams/2/light/241.png,€69.5M,€340K,2175,Right,3,4,5,High/ High,Normal,Yes,LW,7,"Jan 6, 2018",,2023,5'8,150lbs,79+3,79+3,79+3,86+3,85+3,85+3,85+3,86+3,87+3,87+3,87+3,85+3,83+3,83+3,83+3,85+3,71+3,70+3,70+3,70+3,71+3,67+3,58+3,58+3,58+3,67+3,79,79,48,88,75,91,91,86,83,92,89,75,92,83,93,83,59,79,61,93,59,49,84,90,70,85,55,54,47,12,7,9,14,6,€147.7M
188567,P. Aubameyang,29,Gabon,https://cdn.sofifa.org/flags/115.png,88,88,Arsenal,https://cdn.sofifa.org/teams/2/light/1.png,€59M,€265K,2069,Right,3,4,4,Medium/ Low,Lean,Yes,LM,14,"Jan 31, 2018",,2021,6'2,176lbs,84+3,84+3,84+3,83+3,83+3,83+3,83+3,83+3,81+3,81+3,81+3,81+3,73+3,73+3,73+3,81+3,64+3,58+3,58+3,58+3,64+3,61+3,52+3,52+3,52+3,61+3,77,88,79,77,86,79,80,74,64,82,93,95,76,87,70,82,79,76,76,79,43,48,90,77,76,86,27,25,36,6,9,15,9,9,€112.1M
178603,M. Hummels,29,Germany,https://cdn.sofifa.org/flags/21.png,88,88,FC Bayern München,https://cdn.sofifa.org/teams/2/light/21.png,€46M,€160K,2038,Right,4,3,3,High/ Medium,Normal,Yes,LCB,5,"Jul 1, 2016",,2021,6'3,203lbs,69+3,69+3,69+3,68+3,69+3,69+3,69+3,68+3,71+3,71+3,71+3,70+3,77+3,77+3,77+3,70+3,78+3,83+3,83+3,83+3,78+3,80+3,85+3,85+3,85+3,80+3,64,55,87,81,60,68,65,53,85,81,53,64,63,87,60,71,68,66,84,51,69,92,56,79,68,91,88,90,88,15,6,10,5,6,€75.9M
176676,Marcelo,30,Brazil,https://cdn.sofifa.org/flags/54.png,88,88,Real Madrid,https://cdn.sofifa.org/teams/2/light/243.png,€43M,€285K,2279,Left,4,4,5,High/ Low,Normal,Yes,LB,12,"Jan 1, 2007",,2022,5'9,176lbs,80+3,80+3,80+3,84+3,83+3,83+3,83+3,84+3,84+3,84+3,84+3,85+3,84+3,84+3,84+3,85+3,85+3,83+3,83+3,83+3,85+3,84+3,81+3,81+3,81+3,84+3,90,70,75,84,54,90,85,67,76,92,83,82,86,88,86,83,76,91,78,70,84,85,85,82,59,86,71,85,86,12,5,5,5,9,€88.2M
173731,G. Bale,28,Wales,https://cdn.sofifa.org/flags/50.png,88,88,Real Madrid,https://cdn.sofifa.org/teams/2/light/243.png,€60M,€355K,2279,Left,4,3,4,High/ Medium,Lean,Yes,ST,11,"Sep 2, 2013",,2022,6'1,181lbs,86+3,86+3,86+3,86+3,86+3,86+3,86+3,86+3,85+3,85+3,85+3,85+3,80+3,80+3,80+3,85+3,73+3,70+3,70+3,70+3,73+3,71+3,67+3,67+3,67+3,71+3,87,86,84,85,85,87,90,87,80,85,94,95,82,85,65,92,87,75,80,91,65,59,85,79,76,86,54,55,52,15,15,11,5,6,€123M
167948,H. Lloris,31,France,https://cdn.sofifa.org/flags/18.png,88,88,Tottenham Hotspur,https://cdn.sofifa.org/teams/2/light/18.png,€36M,€150K,1335,Left,4,1,1,Medium/ Medium,Lean,Yes,GK,1,"Aug 1, 2012",,2022,6'2,181lbs,,,,,,,,,,,,,,,,,,,,,,,,,,,13,10,10,50,11,10,11,10,50,34,65,62,55,85,54,23,74,41,43,14,31,27,10,30,40,65,29,10,18,88,84,68,83,92,€66.6M
167664,G. Higuaín,30,Argentina,https://cdn.sofifa.org/flags/52.png,88,88,Milan,https://cdn.sofifa.org/teams/2/light/47.png,€57M,€245K,1965,Right,4,4,3,High/ Medium,Normal,Yes,LS,9,,Juventus,"Jun 30, 2019",6'1,196lbs,85+3,85+3,85+3,81+3,83+3,83+3,83+3,81+3,80+3,80+3,80+3,78+3,71+3,71+3,71+3,78+3,55+3,53+3,53+3,53+3,55+3,51+3,48+3,48+3,48+3,51+3,68,92,80,75,90,84,74,62,59,85,73,73,75,86,69,86,79,70,85,80,50,20,92,74,70,86,35,22,18,5,12,7,5,10,
164240,Thiago Silva,33,Brazil,https://cdn.sofifa.org/flags/54.png,88,88,Paris Saint-Germain,https://cdn.sofifa.org/teams/2/light/73.png,€24M,€165K,2077,Right,4,3,2,Medium/ High,Normal,Yes,RCB,2,"Jul 1, 2012",,2020,6'0,181lbs,66+3,66+3,66+3,66+3,67+3,67+3,67+3,66+3,70+3,70+3,70+3,69+3,75+3,75+3,75+3,69+3,78+3,82+3,82+3,82+3,78+3,80+3,84+3,84+3,84+3,80+3,60,38,81,80,63,62,61,64,80,80,70,72,68,82,68,71,90,74,82,68,76,89,59,72,60,81,88,89,85,9,12,5,9,10,€44.4M
162835,S. Handanovi?,33,Slovenia,https://cdn.sofifa.org/flags/44.png,88,88,Inter,https://cdn.sofifa.org/teams/2/light/44.png,€30M,€110K,1262,Right,3,2,1,Medium/ Medium,Normal,Yes,GK,1,"Jul 1, 2012",,2021,6'4,203lbs,,,,,,,,,,,,,,,,,,,,,,,,,,,12,10,10,36,12,12,12,14,34,16,51,55,47,83,36,22,78,41,71,19,25,22,12,41,23,69,25,10,13,87,86,69,89,89,€51M
1179,G. Buffon,40,Italy,https://cdn.sofifa.org/flags/27.png,88,88,Paris Saint-Germain,https://cdn.sofifa.org/teams/2/light/73.png,€4M,€77K,1334,Right,4,2,1,Medium/ Medium,Normal,Yes,GK,1,"Jul 6, 2018",,2019,6'4,203lbs,,,,,,,,,,,,,,,,,,,,,,,,,,,13,15,13,37,17,26,20,13,35,28,49,43,55,79,49,39,75,39,69,13,38,28,12,50,22,70,13,11,11,88,87,74,90,83,€7.4M
205600,S. Umtiti,24,France,https://cdn.sofifa.org/flags/18.png,87,92,FC Barcelona,https://cdn.sofifa.org/teams/2/light/241.png,€57M,€205K,2147,Left,3,3,2,Medium/ High,Normal,Yes,CB,23,"Jul 12, 2016",,2023,6'0,165lbs,70+3,70+3,70+3,69+3,69+3,69+3,69+3,69+3,69+3,69+3,69+3,70+3,73+3,73+3,73+3,70+3,80+3,81+3,81+3,81+3,80+3,81+3,84+3,84+3,84+3,81+3,69,51,79,81,70,69,72,62,73,77,71,73,68,82,66,83,89,78,84,74,81,87,58,58,61,82,90,89,86,15,10,14,12,15,€121.1M
201399,M. Icardi,25,Argentina,https://cdn.sofifa.org/flags/52.png,87,90,Inter,https://cdn.sofifa.org/teams/2/light/44.png,€64.5M,€130K,1940,Right,3,4,3,Medium/ Low,Normal,Yes,ST,9,"Jul 9, 2013",,2021,5'11,165lbs,84+3,84+3,84+3,76+3,81+3,81+3,81+3,76+3,76+3,76+3,76+3,74+3,68+3,68+3,68+3,74+3,54+3,53+3,53+3,53+3,54+3,52+3,51+3,51+3,51+3,52+3,46,91,91,73,85,77,58,45,54,81,77,78,76,88,76,84,94,72,76,70,56,22,92,64,82,85,45,24,20,13,9,5,7,9,€114.5M
201024,K. Koulibaly,27,Senegal,https://cdn.sofifa.org/flags/136.png,87,90,Napoli,https://cdn.sofifa.org/teams/2/light/48.png,€51M,€115K,1660,Right,3,3,2,High/ High,Normal,Yes,LCB,26,"Jul 1, 2014",,2021,6'2,196lbs,52+3,52+3,52+3,51+3,52+3,52+3,52+3,51+3,52+3,52+3,52+3,55+3,58+3,58+3,58+3,55+3,71+3,75+3,75+3,75+3,71+3,75+3,84+3,84+3,84+3,75+3,30,19,81,66,14,66,28,28,56,60,68,75,50,80,40,55,81,71,94,15,87,88,24,43,33,78,91,88,86,7,11,7,13,5,€90.5M
195864,P. Pogba,25,France,https://cdn.sofifa.org/flags/18.png,87,91,Manchester United,https://cdn.sofifa.org/teams/2/light/11.png,€64M,€210K,2247,Right,4,4,5,High/ Low,Normal,Yes,RDM,6,"Aug 9, 2016",,2021,6'4,185lbs,81+3,81+3,81+3,82+3,82+3,82+3,82+3,82+3,83+3,83+3,83+3,83+3,84+3,84+3,84+3,83+3,77+3,78+3,78+3,78+3,77+3,75+3,74+3,74+3,74+3,75+3,80,73,73,86,85,87,84,82,90,90,71,79,74,81,64,90,83,88,89,81,78,66,81,87,81,87,66,70,68,5,6,2,4,3,€123.2M
193041,K. Navas,31,Costa Rica,https://cdn.sofifa.org/flags/72.png,87,87,Real Madrid,https://cdn.sofifa.org/teams/2/light/243.png,€30.5M,€195K,1345,Right,3,3,1,Medium/ Medium,Normal,Yes,GK,1,"Aug 3, 2014",,2020,6'1,176lbs,,,,,,,,,,,,,,,,,,,,,,,,,,,11,15,11,30,11,16,11,15,37,19,54,53,60,84,61,21,74,39,75,13,32,20,16,68,25,67,28,14,14,90,81,75,82,90,€62.5M
192505,R. Lukaku,25,Belgium,https://cdn.sofifa.org/flags/7.png,87,89,Manchester United,https://cdn.sofifa.org/teams/2/light/11.png,€62.5M,€230K,2031,Left,3,3,3,Medium/ Medium,Stocky,Yes,ST,9,"Jul 10, 2017",,2022,6'3,207lbs,84+3,84+3,84+3,79+3,81+3,81+3,81+3,79+3,78+3,78+3,78+3,79+3,72+3,72+3,72+3,79+3,60+3,58+3,58+3,58+3,60+3,57+3,54+3,54+3,54+3,57+3,78,87,86,77,79,80,74,66,73,72,77,90,60,86,46,88,71,84,94,74,75,27,89,76,78,83,30,30,30,8,15,14,7,10,€120.3M
192387,C. Immobile,28,Italy,https://cdn.sofifa.org/flags/27.png,87,87,Lazio,https://cdn.sofifa.org/teams/2/light/46.png,€52M,€115K,2009,Right,3,4,3,High/ Medium,Normal,Yes,ST,17,"Jul 27, 2016",,2023,6'1,187lbs,84+3,84+3,84+3,79+3,82+3,82+3,82+3,79+3,78+3,78+3,78+3,77+3,70+3,70+3,70+3,77+3,60+3,58+3,58+3,58+3,60+3,58+3,55+3,55+3,55+3,58+3,55,90,81,74,87,83,70,51,49,83,78,85,77,87,63,86,77,80,76,80,77,40,91,65,78,81,34,33,32,6,8,15,12,6,€88.4M
189332,Jordi Alba,29,Spain,https://cdn.sofifa.org/flags/45.png,87,87,FC Barcelona,https://cdn.sofifa.org/teams/2/light/241.png,€38M,€250K,2230,Left,3,3,3,High/ Medium,Normal,Yes,LB,18,"Jul 1, 2012",,2020,5'7,150lbs,76+3,76+3,76+3,81+3,79+3,79+3,79+3,81+3,79+3,79+3,79+3,82+3,79+3,79+3,79+3,82+3,84+3,80+3,80+3,80+3,84+3,84+3,78+3,78+3,78+3,84+3,87,73,70,84,60,80,80,63,74,84,93,93,90,83,85,64,81,91,61,66,75,84,79,70,59,79,72,84,85,13,15,13,6,13,€77.9M
175943,D. Mertens,31,Belgium,https://cdn.sofifa.org/flags/7.png,87,87,Napoli,https://cdn.sofifa.org/teams/2/light/48.png,€45M,€135K,2043,Right,3,4,4,High/ Low,Normal,Yes,RF,14,"Jul 1, 2013",,2020,5'7,134lbs,78+3,78+3,78+3,86+3,85+3,85+3,85+3,86+3,86+3,86+3,86+3,85+3,78+3,78+3,78+3,85+3,65+3,60+3,60+3,60+3,65+3,60+3,46+3,46+3,46+3,60+3,77,86,35,82,70,91,82,79,74,89,93,85,94,88,92,80,60,75,42,81,59,36,87,83,79,81,25,40,40,7,10,8,10,4,€76.5M
172871,J. Vertonghen,31,Belgium,https://cdn.sofifa.org/flags/7.png,87,87,Tottenham Hotspur,https://cdn.sofifa.org/teams/2/light/18.png,€34M,€155K,2079,Left,3,3,3,High/ High,Normal,Yes,LCB,5,"Jul 1, 2012",,2019,6'2,190lbs,69+3,69+3,69+3,68+3,69+3,69+3,69+3,68+3,70+3,70+3,70+3,70+3,74+3,74+3,74+3,70+3,79+3,81+3,81+3,81+3,79+3,80+3,84+3,84+3,84+3,80+3,68,56,80,79,52,71,58,73,74,76,61,65,61,84,60,80,85,75,79,66,84,89,60,68,66,83,90,87,88,6,10,9,12,7,€62.9M
171877,M. Hamšík,30,Slovakia,https://cdn.sofifa.org/flags/43.png,87,87,Napoli,https://cdn.sofifa.org/teams/2/light/48.png,€46.5M,€125K,2188,Right,3,5,3,High/ Medium,Normal,Yes,LCM,17,"Jul 1, 2007",,2020,6'0,174lbs,81+3,81+3,81+3,82+3,83+3,83+3,83+3,82+3,84+3,84+3,84+3,82+3,84+3,84+3,84+3,82+3,77+3,78+3,78+3,78+3,77+3,75+3,72+3,72+3,72+3,75+3,78,79,74,88,79,86,80,72,83,87,69,68,76,88,66,82,71,84,67,83,56,72,88,86,70,84,75,73,62,8,6,4,14,14,€79.1M
168651,I. Rakiti?,30,Croatia,https://cdn.sofifa.org/flags/10.png,87,87,FC Barcelona,https://cdn.sofifa.org/teams/2/light/241.png,€46.5M,€260K,2184,Right,4,3,3,High/ High,Normal,Yes,RCM,4,"Jul 1, 2014",,2021,6'0,172lbs,77+3,77+3,77+3,80+3,81+3,81+3,81+3,80+3,82+3,82+3,82+3,81+3,84+3,84+3,84+3,81+3,77+3,79+3,79+3,79+3,77+3,75+3,70+3,70+3,70+3,75+3,84,83,58,87,80,84,88,84,90,87,66,59,72,77,66,84,39,84,66,90,67,75,79,86,82,81,72,74,70,14,11,12,5,9,€95.3M
152729,Piqué,31,Spain,https://cdn.sofifa.org/flags/45.png,87,87,FC Barcelona,https://cdn.sofifa.org/teams/2/light/241.png,€34M,€240K,1950,Right,4,3,2,High/ Medium,Normal,Yes,RCB,3,"Jul 1, 2008",,2022,6'4,187lbs,68+3,68+3,68+3,64+3,66+3,66+3,66+3,64+3,67+3,67+3,67+3,66+3,73+3,73+3,73+3,66+3,75+3,81+3,81+3,81+3,75+3,77+3,83+3,83+3,83+3,77+3,57,64,83,81,57,59,58,43,80,78,49,60,58,84,36,62,74,65,83,51,72,88,58,62,69,86,91,86,84,10,11,14,15,8,€69.7M
222492,L. Sané,22,Germany,https://cdn.sofifa.org/flags/21.png,86,92,Manchester City,https://cdn.sofifa.org/teams/2/light/10.png,€61M,€195K,2090,Left,2,3,4,High/ Medium,Lean,Yes,LW,19,"Aug 2, 2016",,2021,6'0,165lbs,82+2,82+2,82+2,84+2,84+2,84+2,84+2,84+2,82+2,82+2,82+2,83+2,74+2,74+2,74+2,83+2,65+2,59+2,59+2,59+2,65+2,61+2,52+2,52+2,52+2,61+2,83,81,72,79,85,88,82,68,64,85,93,96,88,81,81,86,64,79,70,78,61,34,84,82,71,78,36,32,35,8,12,9,9,14,€125.1M
218667,Bernardo Silva,23,Portugal,https://cdn.sofifa.org/flags/38.png,86,91,Manchester City,https://cdn.sofifa.org/teams/2/light/10.png,€59.5M,€180K,2039,Left,2,3,4,High/ Medium,Lean,Yes,RW,11,"Jul 1, 2017",,2022,5'8,141lbs,75+2,75+2,75+2,84+2,82+2,82+2,82+2,84+2,84+2,84+2,84+2,84+2,80+2,80+2,80+2,84+2,68+2,65+2,65+2,65+2,68+2,63+2,53+2,53+2,53+2,63+2,85,75,51,85,69,92,83,67,79,91,84,74,90,82,88,70,50,78,48,72,58,49,83,86,68,85,49,44,35,9,10,14,12,9,€114.5M
210257,Ederson,24,Brazil,https://cdn.sofifa.org/flags/54.png,86,90,Manchester City,https://cdn.sofifa.org/teams/2/light/10.png,€41.5M,€125K,1463,Left,2,3,1,Medium/ Medium,Normal,Yes,GK,31,"Jul 1, 2017",,2025,6'2,190lbs,,,,,,,,,,,,,,,,,,,,,,,,,,,20,14,14,56,18,23,15,20,58,37,64,63,60,86,48,42,58,41,68,18,35,25,20,67,17,70,28,15,8,85,80,91,82,87,€79.9M
208722,S. Mané,26,Senegal,https://cdn.sofifa.org/flags/136.png,86,87,Liverpool,https://cdn.sofifa.org/teams/2/light/9.png,€52M,€195K,2110,Right,3,4,4,High/ Medium,Lean,Yes,LM,10,"Jul 1, 2016",,2023,5'9,152lbs,81+3,81+3,81+3,84+3,84+3,84+3,84+3,84+3,83+3,83+3,83+3,83+3,77+3,77+3,77+3,83+3,66+3,63+3,63+3,63+3,66+3,62+3,55+3,55+3,55+3,62+3,73,84,62,79,71,87,74,64,71,86,95,93,91,86,86,82,75,84,67,74,73,35,87,82,71,80,42,42,38,10,10,15,7,14,€102.7M
203376,V. van Dijk,26,Netherlands,https://cdn.sofifa.org/flags/34.png,86,88,Liverpool,https://cdn.sofifa.org/teams/2/light/9.png,€44.5M,€165K,2046,Right,3,3,2,Medium/ Medium,Normal,Yes,LCB,4,"Jan 1, 2018",,2023,6'4,203lbs,68+3,68+3,68+3,65+3,66+3,66+3,66+3,65+3,67+3,67+3,67+3,67+3,71+3,71+3,71+3,67+3,76+3,80+3,80+3,80+3,76+3,78+3,85+3,85+3,85+3,78+3,53,52,82,76,45,70,60,70,78,73,74,77,61,85,49,81,85,71,92,64,81,86,41,59,62,83,88,89,84,13,10,13,11,11,€87.9M
202652,R. Sterling,23,England,https://cdn.sofifa.org/flags/14.png,86,89,Manchester City,https://cdn.sofifa.org/teams/2/light/10.png,€56.5M,€195K,2036,Right,3,3,4,High/ Medium,Lean,Yes,RW,10,"Jul 14, 2015",,2023,5'7,152lbs,76+3,76+3,76+3,84+3,83+3,83+3,83+3,84+3,83+3,83+3,83+3,84+3,77+3,77+3,77+3,84+3,69+3,63+3,63+3,63+3,69+3,66+3,52+3,52+3,52+3,66+3,77,77,38,84,67,88,70,63,69,87,95,92,93,87,93,73,57,78,52,73,38,30,87,77,69,77,47,58,54,15,12,12,15,9,€108.8M
201942,Roberto Firmino,26,Brazil,https://cdn.sofifa.org/flags/54.png,86,87,Liverpool,https://cdn.sofifa.org/teams/2/light/9.png,€53M,€195K,2187,Right,3,4,4,High/ High,Lean,Yes,CAM,9,"Jul 6, 2015",,2023,5'11,168lbs,83+3,83+3,83+3,83+3,84+3,84+3,84+3,83+3,84+3,84+3,84+3,83+3,82+3,82+3,82+3,83+3,72+3,73+3,73+3,73+3,72+3,69+3,67+3,67+3,67+3,69+3,72,87,77,86,81,87,80,65,75,88,78,77,80,86,81,81,81,90,74,76,73,58,87,85,72,87,60,64,42,8,11,9,6,10,€104.7M
201535,R. Varane,25,France,https://cdn.sofifa.org/flags/18.png,86,91,Real Madrid,https://cdn.sofifa.org/teams/2/light/243.png,€50M,€210K,1895,Right,3,3,2,Medium/ High,Lean,Yes,RCB,4,"Jul 1, 2011",,2022,6'3,179lbs,62+3,62+3,62+3,61+3,63+3,63+3,63+3,61+3,64+3,64+3,64+3,64+3,69+3,69+3,69+3,64+3,75+3,79+3,79+3,79+3,75+3,78+3,83+3,83+3,83+3,78+3,36,40,83,75,42,57,46,54,76,77,83,85,63,83,40,52,79,73,84,53,77,82,44,56,43,82,87,88,87,11,11,9,5,14,€106.3M
199556,M. Verratti,25,Italy,https://cdn.sofifa.org/flags/27.png,86,89,Paris Saint-Germain,https://cdn.sofifa.org/teams/2/light/73.png,€55M,€135K,2149,Right,3,4,4,Medium/ High,Normal,Yes,LCM,6,"Jul 18, 2012",,2021,5'5,132lbs,69+3,69+3,69+3,78+3,77+3,77+3,77+3,78+3,81+3,81+3,81+3,80+3,84+3,84+3,84+3,80+3,80+3,83+3,83+3,83+3,80+3,78+3,76+3,76+3,76+3,78+3,72,60,55,90,64,90,73,64,89,88,69,62,87,85,94,56,64,77,52,58,89,84,71,87,64,93,78,83,80,12,12,15,15,10,€105.9M
191043,Alex Sandro,27,Brazil,https://cdn.sofifa.org/flags/54.png,86,86,Juventus,https://cdn.sofifa.org/teams/2/light/45.png,€36.5M,€160K,2198,Left,3,3,3,High/ High,Normal,Yes,LB,12,"Aug 21, 2015",,2020,5'11,176lbs,74+3,74+3,74+3,77+3,75+3,75+3,75+3,77+3,76+3,76+3,76+3,78+3,77+3,77+3,77+3,78+3,83+3,81+3,81+3,81+3,83+3,83+3,81+3,81+3,81+3,83+3,84,55,76,81,68,80,78,59,71,81,83,86,79,84,78,80,79,92,79,72,82,82,70,70,60,82,81,84,84,7,7,9,12,5,€60.2M
190483,Douglas Costa,27,Brazil,https://cdn.sofifa.org/flags/54.png,86,86,Juventus,https://cdn.sofifa.org/teams/2/light/45.png,€46.5M,€175K,2111,Left,3,3,5,High/ Medium,Normal,Yes,LM,11,"Jul 1, 2018",,2022,5'8,154lbs,77+3,77+3,77+3,85+3,83+3,83+3,83+3,85+3,84+3,84+3,84+3,84+3,78+3,78+3,78+3,84+3,69+3,63+3,63+3,63+3,69+3,64+3,53+3,53+3,53+3,64+3,84,67,50,84,76,92,84,78,68,91,97,93,93,84,91,86,61,78,63,80,55,48,76,84,77,84,45,38,34,13,15,9,12,5,€76.7M
189596,T. Müller,28,Germany,https://cdn.sofifa.org/flags/21.png,86,86,FC Bayern München,https://cdn.sofifa.org/teams/2/light/21.png,€45M,€135K,2097,Right,4,4,3,High/ High,Lean,Yes,CAM,13,"Aug 10, 2008",,2021,6'1,165lbs,82+3,82+3,82+3,81+3,82+3,82+3,82+3,81+3,82+3,82+3,82+3,81+3,79+3,79+3,79+3,81+3,68+3,66+3,66+3,66+3,68+3,66+3,59+3,59+3,59+3,66+3,79,87,82,83,84,75,81,59,72,82,73,75,75,91,72,78,81,87,68,80,57,58,92,85,60,83,44,41,44,6,7,11,14,14,€74.3M
189509,Thiago,27,Spain,https://cdn.sofifa.org/flags/45.png,86,86,FC Bayern München,https://cdn.sofifa.org/teams/2/light/21.png,€45.5M,€130K,2190,Right,3,3,5,Medium/ Medium,Normal,Yes,CM,19,"Jul 14, 2013",,2021,5'9,154lbs,75+3,75+3,75+3,82+3,81+3,81+3,81+3,82+3,84+3,84+3,84+3,82+3,84+3,84+3,84+3,82+3,76+3,77+3,77+3,77+3,76+3,73+3,67+3,67+3,67+3,73+3,72,69,54,90,90,90,85,77,87,90,78,69,90,84,86,75,75,75,59,79,57,78,79,86,75,85,67,63,65,6,11,7,9,13,€75.1M
188350,M. Reus,29,Germany,https://cdn.sofifa.org/flags/21.png,86,86,Borussia Dortmund,https://cdn.sofifa.org/teams/2/light/22.png,€43.5M,€100K,2172,Right,4,4,4,High/ Medium,Lean,Yes,LM,11,"Jul 1, 2012",,2023,5'11,157lbs,82+3,82+3,82+3,85+3,85+3,85+3,85+3,85+3,85+3,85+3,85+3,84+3,79+3,79+3,79+3,84+3,68+3,64+3,64+3,64+3,68+3,64+3,54+3,54+3,54+3,64+3,79,87,49,86,90,87,89,84,75,86,86,85,86,87,81,88,70,73,67,86,49,50,88,86,89,84,47,36,45,12,12,13,13,11,€74M
184432,Azpilicueta,28,Spain,https://cdn.sofifa.org/flags/45.png,86,86,Chelsea,https://cdn.sofifa.org/teams/2/light/5.png,€35M,€175K,2114,Right,3,3,2,Medium/ Medium,Normal,Yes,RB,14,"Aug 24, 2012",,2022,5'10,168lbs,67+3,67+3,67+3,71+3,70+3,70+3,70+3,71+3,72+3,72+3,72+3,74+3,77+3,77+3,77+3,74+3,83+3,83+3,83+3,83+3,83+3,84+3,83+3,83+3,83+3,84+3,81,46,76,81,51,69,68,58,80,77,76,76,72,88,73,68,76,87,71,60,82,89,62,74,66,78,88,90,86,13,9,10,6,5,€64.8M
184344,L. Bonucci,31,Italy,https://cdn.sofifa.org/flags/27.png,86,86,Juventus,https://cdn.sofifa.org/teams/2/light/45.png,€30M,€160K,1978,Right,3,3,2,Low/ High,Lean,Yes,RCB,19,"Aug 2, 2018",,2023,6'3,187lbs,65+3,65+3,65+3,63+3,65+3,65+3,65+3,63+3,68+3,68+3,68+3,65+3,74+3,74+3,74+3,65+3,74+3,82+3,82+3,82+3,74+3,76+3,84+3,84+3,84+3,76+3,44,48,86,77,58,69,56,61,85,75,57,65,60,84,52,74,85,71,83,65,82,90,38,74,70,86,90,86,80,2,2,3,2,4,€49.5M
184087,T. Alderweireld,29,Belgium,https://cdn.sofifa.org/flags/7.png,86,87,Tottenham Hotspur,https://cdn.sofifa.org/teams/2/light/18.png,€39M,€150K,2047,Right,3,3,2,Medium/ Medium,Normal,Yes,RCB,2,"Jul 8, 2015",,2020,6'1,179lbs,66+3,66+3,66+3,65+3,66+3,66+3,66+3,65+3,68+3,68+3,68+3,68+3,75+3,75+3,75+3,68+3,78+3,82+3,82+3,82+3,78+3,79+3,84+3,84+3,84+3,79+3,64,45,82,79,38,62,63,69,85,74,61,66,60,86,50,78,84,74,79,65,80,87,58,67,58,81,90,91,86,16,6,14,16,14,€75.1M
180206,M. Pjani?,28,Bosnia Herzegovina,https://cdn.sofifa.org/flags/8.png,86,86,Juventus,https://cdn.sofifa.org/teams/2/light/45.png,€44M,€180K,2182,Right,3,4,3,Medium/ Medium,Normal,Yes,CDM,5,"Jul 1, 2016",,2023,5'10,159lbs,72+3,72+3,72+3,79+3,78+3,78+3,78+3,79+3,81+3,81+3,81+3,80+3,83+3,83+3,83+3,80+3,78+3,80+3,80+3,80+3,78+3,76+3,73+3,73+3,73+3,76+3,80,60,60,89,72,86,86,92,85,89,66,66,77,84,79,78,61,78,66,82,70,78,70,88,79,86,75,74,70,7,7,13,7,8,€72.6M
177509,M. Benatia,31,Morocco,https://cdn.sofifa.org/flags/129.png,86,86,Juventus,https://cdn.sofifa.org/teams/2/light/45.png,€30M,€160K,1803,Right,3,3,2,Medium/ High,Normal,Yes,CB,4,"Aug 26, 2014",,2020,6'2,207lbs,61+3,61+3,61+3,57+3,58+3,58+3,58+3,57+3,57+3,57+3,57+3,60+3,62+3,62+3,62+3,60+3,73+3,76+3,76+3,76+3,73+3,75+3,84+3,84+3,84+3,75+3,45,47,83,65,44,64,34,27,65,64,65,75,59,82,53,66,85,69,91,24,86,86,38,47,41,82,89,87,85,7,4,8,7,11,€49.5M
176635,M. Özil,29,Germany,https://cdn.sofifa.org/flags/21.png,86,86,Arsenal,https://cdn.sofifa.org/teams/2/light/1.png,€43.5M,€190K,1911,Left,4,2,4,Medium/ Low,Lean,Yes,CAM,10,"Sep 2, 2013",,2021,5'11,168lbs,75+3,75+3,75+3,82+3,81+3,81+3,81+3,82+3,84+3,84+3,84+3,82+3,78+3,78+3,78+3,82+3,57+3,56+3,56+3,56+3,57+3,52+3,40+3,40+3,40+3,52+3,83,73,54,89,80,84,84,77,82,90,72,69,79,84,70,70,48,69,57,75,48,24,83,91,67,82,24,16,19,6,14,10,6,14,€82.7M
135507,Fernandinho,33,Brazil,https://cdn.sofifa.org/flags/54.png,86,86,Manchester City,https://cdn.sofifa.org/teams/2/light/10.png,€18M,€185K,2183,Right,3,4,3,Medium/ High,Lean,Yes,CDM,25,"Jul 1, 2013",,2020,5'10,148lbs,74+3,74+3,74+3,75+3,76+3,76+3,76+3,75+3,77+3,77+3,77+3,76+3,80+3,80+3,80+3,76+3,79+3,83+3,83+3,83+3,79+3,79+3,81+3,81+3,81+3,79+3,68,69,63,85,74,77,70,72,81,82,68,67,72,86,78,83,76,79,76,78,87,88,70,75,61,79,85,85,80,12,11,5,13,7,€33.3M
41,Iniesta,34,Spain,https://cdn.sofifa.org/flags/45.png,86,86,Vissel Kobe,https://cdn.sofifa.org/teams/2/light/101146.png,€21.5M,€21K,2058,Right,4,4,4,High/ Medium,Normal,Yes,LF,8,"Jul 16, 2018",,2021,5'7,150lbs,74+3,74+3,74+3,82+3,81+3,81+3,81+3,82+3,85+3,85+3,85+3,82+3,83+3,83+3,83+3,82+3,71+3,73+3,73+3,73+3,71+3,68+3,63+3,63+3,63+3,68+3,77,70,54,90,74,90,80,70,85,92,70,67,79,86,84,65,47,55,58,71,58,66,81,93,71,89,67,57,56,6,13,6,13,7,€26.9M
232363,M. Škriniar,23,Slovakia,https://cdn.sofifa.org/flags/43.png,85,92,Inter,https://cdn.sofifa.org/teams/2/light/44.png,€46.5M,€82K,1800,Right,1,4,2,Medium/ High,Normal,No,LCB,37,"Jul 7, 2017",,2022,6'2,176lbs,57+2,57+2,57+2,56+2,57+2,57+2,57+2,56+2,58+2,58+2,58+2,60+2,65+2,65+2,65+2,60+2,73+2,78+2,78+2,78+2,73+2,76+2,83+2,83+2,83+2,76+2,40,42,80,70,40,59,34,30,68,67,70,73,48,81,48,50,78,77,83,30,86,86,30,57,56,80,92,88,82,10,13,12,8,12,€88.4M
223848,S. Milinkovi?-Savi?,23,Serbia,https://cdn.sofifa.org/flags/51.png,85,90,Lazio,https://cdn.sofifa.org/teams/2/light/46.png,€50.5M,€73K,2206,Right,2,4,4,High/ Medium,Normal,Yes,CM,21,"Aug 6, 2015",,2023,6'3,168lbs,81+2,81+2,81+2,79+2,81+2,81+2,81+2,79+2,82+2,82+2,82+2,80+2,83+2,83+2,83+2,80+2,77+2,80+2,80+2,80+2,77+2,76+2,79+2,79+2,79+2,76+2,64,80,86,85,74,86,78,75,85,87,68,70,66,80,59,83,85,85,88,80,73,78,79,85,56,82,75,77,72,7,10,7,16,7,€89.6M
220834,Marco Asensio,22,Spain,https://cdn.sofifa.org/flags/45.png,85,92,Real Madrid,https://cdn.sofifa.org/teams/2/light/243.png,€54M,€215K,2050,Left,3,3,4,High/ Medium,Normal,Yes,RW,10,"Jul 1, 2015",,2023,6'0,168lbs,79+3,79+3,79+3,83+3,83+3,83+3,83+3,83+3,83+3,83+3,83+3,83+3,79+3,79+3,79+3,83+3,66+3,63+3,63+3,63+3,66+3,62+3,51+3,51+3,51+3,62+3,82,82,50,83,79,86,83,76,82,85,85,82,79,82,76,86,58,76,61,88,45,45,82,84,62,83,40,42,39,13,9,6,12,10,€121.5M
216594,N. Fekir,24,France,https://cdn.sofifa.org/flags/18.png,85,89,Olympique Lyonnais,https://cdn.sofifa.org/teams/2/light/66.png,€50M,€92K,2102,Left,3,3,4,High/ Medium,Stocky,Yes,CAM,18,"Jul 1, 2013",,2020,5'8,165lbs,79+3,79+3,79+3,84+3,83+3,83+3,83+3,84+3,83+3,83+3,83+3,83+3,77+3,77+3,77+3,83+3,62+3,60+3,60+3,60+3,62+3,57+3,50+3,50+3,50+3,57+3,83,82,49,83,77,90,81,79,75,89,79,79,90,80,91,84,69,80,82,82,73,28,81,81,81,89,31,37,25,15,9,8,14,15,€98.8M
212831,Alisson,25,Brazil,https://cdn.sofifa.org/flags/54.png,85,90,Liverpool,https://cdn.sofifa.org/teams/2/light/9.png,€36.5M,€115K,1320,Right,3,3,1,Medium/ Medium,Normal,Yes,GK,13,"Jul 19, 2018",,2024,6'3,201lbs,,,,,,,,,,,,,,,,,,,,,,,,,,,17,13,19,45,20,27,19,18,44,30,54,45,40,84,37,21,52,32,78,14,27,11,13,66,23,65,15,19,16,83,81,85,84,88,€72.1M
212622,J. Kimmich,23,Germany,https://cdn.sofifa.org/flags/21.png,85,88,FC Bayern München,https://cdn.sofifa.org/teams/2/light/21.png,€40.5M,€92K,2185,Right,3,4,3,High/ Low,Lean,Yes,RCM,18,"Jul 1, 2015",,2023,5'9,154lbs,75+3,75+3,75+3,79+3,78+3,78+3,78+3,79+3,79+3,79+3,79+3,81+3,81+3,81+3,81+3,81+3,81+3,80+3,80+3,80+3,81+3,80+3,77+3,77+3,77+3,80+3,90,66,74,85,61,80,81,61,80,85,78,68,84,85,83,75,79,85,65,69,74,79,80,79,44,82,75,81,79,8,15,7,15,15,€69.9M
208421,Saúl,23,Spain,https://cdn.sofifa.org/flags/45.png,85,90,Atlético Madrid,https://cdn.sofifa.org/teams/2/light/240.png,€50.5M,€77K,2196,Left,3,4,3,High/ High,Lean,Yes,RCM,6,"Jul 1, 2013",,2026,6'0,170lbs,80+3,80+3,80+3,79+3,81+3,81+3,81+3,79+3,81+3,81+3,81+3,80+3,82+3,82+3,82+3,80+3,78+3,80+3,80+3,80+3,78+3,78+3,78+3,78+3,78+3,78+3,69,78,83,85,76,83,72,60,83,85,74,73,76,82,69,78,79,86,77,79,69,78,82,82,55,83,77,79,76,7,13,12,10,9,€107.3M
204485,R. Mahrez,27,Algeria,https://cdn.sofifa.org/flags/97.png,85,85,Manchester City,https://cdn.sofifa.org/teams/2/light/10.png,€40.5M,€205K,2031,Left,3,4,5,Medium/ Medium,Lean,Yes,RW,26,"Jul 10, 2018",,2023,5'10,148lbs,77+3,77+3,77+3,84+3,82+3,82+3,82+3,84+3,83+3,83+3,83+3,83+3,77+3,77+3,77+3,83+3,63+3,59+3,59+3,59+3,63+3,57+3,47+3,47+3,47+3,57+3,81,80,48,82,72,91,84,78,76,90,88,83,93,77,88,79,61,76,54,81,48,39,80,81,73,86,45,31,18,15,9,13,11,6,€74.9M
197445,D. Alaba,26,Austria,https://cdn.sofifa.org/flags/4.png,85,87,FC Bayern München,https://cdn.sofifa.org/teams/2/light/21.png,€38M,€110K,2261,Left,4,4,3,High/ Medium,Lean,Yes,LB,8,"Feb 10, 2010",,2021,5'11,168lbs,76+3,76+3,76+3,78+3,78+3,78+3,78+3,78+3,79+3,79+3,79+3,79+3,80+3,80+3,80+3,79+3,82+3,81+3,81+3,81+3,82+3,82+3,79+3,79+3,79+3,82+3,81,63,75,82,68,79,78,84,80,83,79,86,79,84,77,83,82,87,71,82,69,84,76,77,80,79,80,82,80,5,7,14,15,9,€65.6M
193747,Koke,26,Spain,https://cdn.sofifa.org/flags/45.png,85,86,Atlético Madrid,https://cdn.sofifa.org/teams/2/light/240.png,€45M,€88K,2175,Right,3,4,3,High/ High,Normal,Yes,LM,8,"Jan 1, 2011",,2019,5'9,163lbs,77+3,77+3,77+3,81+3,81+3,81+3,81+3,81+3,83+3,83+3,83+3,83+3,84+3,84+3,84+3,83+3,76+3,78+3,78+3,78+3,76+3,73+3,70+3,70+3,70+3,73+3,86,72,61,90,56,82,85,76,89,86,71,68,74,85,78,84,61,90,79,81,71,66,84,87,59,78,80,69,51,14,12,5,10,13,€95.6M
193301,A. Lacazette,27,France,https://cdn.sofifa.org/flags/18.png,85,86,Arsenal,https://cdn.sofifa.org/teams/2/light/1.png,€45M,€180K,2060,Right,3,4,4,High/ High,Normal,Yes,ST,9,"Jul 5, 2017",,2022,5'9,161lbs,82+3,82+3,82+3,81+3,83+3,83+3,83+3,81+3,81+3,81+3,81+3,79+3,74+3,74+3,74+3,79+3,62+3,60+3,60+3,60+3,62+3,59+3,54+3,54+3,54+3,59+3,64,88,73,80,81,85,74,71,59,83,81,84,85,85,85,83,76,79,73,75,70,42,86,76,84,85,29,42,30,11,6,9,5,6,€88.9M
192774,K. Manolas,27,Greece,https://cdn.sofifa.org/flags/22.png,85,87,Roma,https://cdn.sofifa.org/teams/2/light/52.png,€37.5M,€96K,1642,Right,3,2,2,Low/ High,Normal,No,LCB,4,"Aug 26, 2014",,2022,6'2,183lbs,49+3,49+3,49+3,49+3,48+3,48+3,48+3,49+3,49+3,49+3,49+3,53+3,56+3,56+3,56+3,53+3,72+3,74+3,74+3,74+3,72+3,76+3,83+3,83+3,83+3,76+3,27,10,80,60,16,54,30,10,61,65,80,85,68,85,59,40,86,76,82,12,86,86,25,22,26,79,86,87,89,8,6,8,15,12,€66.6M
192366,N. Otamendi,30,Argentina,https://cdn.sofifa.org/flags/52.png,85,85,Manchester City,https://cdn.sofifa.org/teams/2/light/10.png,€28.5M,€170K,1916,Right,3,3,2,High/ High,Normal,Yes,CB,30,"Aug 20, 2015",,2022,6'0,179lbs,64+3,64+3,64+3,59+3,61+3,61+3,61+3,59+3,62+3,62+3,62+3,61+3,67+3,67+3,67+3,61+3,72+3,77+3,77+3,77+3,72+3,74+3,82+3,82+3,82+3,74+3,52,54,85,75,57,51,50,39,72,70,57,61,64,79,62,69,92,67,80,56,91,84,51,53,45,80,83,85,84,12,5,8,11,12,€52.7M
189513,Parejo,29,Spain,https://cdn.sofifa.org/flags/45.png,85,85,Valencia CF,https://cdn.sofifa.org/teams/2/light/461.png,€37M,€66K,2119,Right,2,4,3,Medium/ Low,Lean,Yes,RCM,10,"Jul 1, 2011",,2020,6'0,163lbs,74+2,74+2,74+2,77+2,77+2,77+2,77+2,77+2,80+2,80+2,80+2,78+2,83+2,83+2,83+2,78+2,74+2,77+2,77+2,77+2,74+2,71+2,69+2,69+2,69+2,71+2,84,79,61,90,72,78,89,90,87,84,51,43,66,78,72,78,51,78,72,82,58,81,81,86,83,78,69,68,60,5,9,12,14,8,€77.7M
187961,Paulinho,29,Brazil,https://cdn.sofifa.org/flags/54.png,85,85,Guangzhou Evergrande Taobao FC,https://cdn.sofifa.org/teams/2/light/111839.png,€37M,€235K,2245,Right,3,3,3,High/ High,Lean,Yes,LDM,9,,FC Barcelona,"Jun 30, 2019",6'0,157lbs,81+3,81+3,81+3,79+3,81+3,81+3,81+3,79+3,81+3,81+3,81+3,79+3,82+3,82+3,82+3,79+3,78+3,81+3,81+3,81+3,78+3,78+3,80+3,80+3,80+3,78+3,64,81,85,84,75,82,66,72,80,84,73,73,69,84,66,83,90,92,81,80,81,81,84,78,71,80,75,81,73,16,16,11,6,8,
186153,W. Szcz?sny,28,Poland,https://cdn.sofifa.org/flags/37.png,85,87,Juventus,https://cdn.sofifa.org/teams/2/light/45.png,€32M,€125K,1270,Right,3,3,1,Medium/ Medium,Lean,Yes,GK,1,"Jul 19, 2017",,2021,6'5,198lbs,,,,,,,,,,,,,,,,,,,,,,,,,,,12,12,16,32,14,11,16,14,36,22,51,47,55,82,51,15,71,45,65,14,40,15,14,48,18,65,20,13,12,85,81,71,85,87,€55.2M
184941,A. Sánchez,29,Chile,https://cdn.sofifa.org/flags/55.png,85,85,Manchester United,https://cdn.sofifa.org/teams/2/light/11.png,€37.5M,€215K,2172,Right,4,3,4,High/ High,Normal,Yes,RW,7,"Jan 22, 2018",,2022,5'7,163lbs,81+3,81+3,81+3,82+3,82+3,82+3,82+3,82+3,82+3,82+3,82+3,82+3,77+3,77+3,77+3,82+3,65+3,64+3,64+3,64+3,65+3,62+3,57+3,57+3,57+3,62+3,77,80,73,77,83,87,79,78,75,86,86,79,90,83,87,84,87,83,72,81,79,46,84,82,77,84,38,44,35,10,10,15,12,13,€69.4M
184267,Y. Brahimi,28,Algeria,https://cdn.sofifa.org/flags/97.png,85,85,FC Porto,https://cdn.sofifa.org/teams/2/light/236.png,€39M,€28K,2030,Right,3,3,4,High/ Medium,Normal,No,LM,8,"Jul 22, 2014",,2019,5'9,146lbs,75+3,75+3,75+3,83+3,81+3,81+3,81+3,83+3,82+3,82+3,82+3,82+3,76+3,76+3,76+3,82+3,64+3,60+3,60+3,60+3,64+3,59+3,48+3,48+3,48+3,59+3,79,76,46,79,73,93,84,78,72,86,87,75,92,84,87,69,72,85,49,76,46,38,83,79,75,90,51,36,25,13,16,12,7,7,€78M
183907,J. Boateng,29,Germany,https://cdn.sofifa.org/flags/21.png,85,85,FC Bayern München,https://cdn.sofifa.org/teams/2/light/21.png,€30M,€115K,1948,Right,4,4,2,Medium/ Medium,Stocky,Yes,RCB,17,"Jul 14, 2011",,2021,6'4,198lbs,63+3,63+3,63+3,63+3,64+3,64+3,64+3,63+3,66+3,66+3,66+3,67+3,72+3,72+3,72+3,67+3,76+3,80+3,80+3,80+3,76+3,78+3,83+3,83+3,83+3,78+3,69,34,85,75,52,64,53,31,83,70,67,72,56,82,52,78,74,69,91,58,81,81,47,75,46,84,84,87,87,7,12,15,6,5,€49.5M
181872,A. Vidal,31,Chile,https://cdn.sofifa.org/flags/55.png,85,85,FC Barcelona,https://cdn.sofifa.org/teams/2/light/241.png,€26M,€205K,2230,Right,4,4,3,Medium/ Medium,Normal,Yes,CAM,8,"Aug 6, 2018",,2021,5'11,165lbs,78+3,78+3,78+3,76+3,78+3,78+3,78+3,76+3,78+3,78+3,78+3,76+3,81+3,81+3,81+3,76+3,79+3,83+3,83+3,83+3,79+3,80+3,83+3,83+3,83+3,80+3,76,75,82,83,78,76,76,68,79,82,60,55,74,84,75,86,85,83,79,85,93,84,80,80,81,81,82,87,86,4,2,4,2,4,€53.3M
181458,I. Periši?,29,Croatia,https://cdn.sofifa.org/flags/10.png,85,85,Inter,https://cdn.sofifa.org/teams/2/light/44.png,€37.5M,€110K,2199,Right,3,5,4,Medium/ Medium,Lean,Yes,LM,44,"Sep 1, 2015",,2022,6'1,176lbs,82+3,82+3,82+3,82+3,82+3,82+3,82+3,82+3,81+3,81+3,81+3,83+3,79+3,79+3,79+3,83+3,75+3,72+3,72+3,72+3,75+3,72+3,68+3,68+3,68+3,72+3,83,79,80,81,81,84,73,75,77,85,84,88,78,81,74,84,84,89,78,79,65,69,85,79,76,80,64,52,54,6,7,10,9,6,€63.8M
180930,E. Džeko,32,Bosnia Herzegovina,https://cdn.sofifa.org/flags/8.png,85,85,Roma,https://cdn.sofifa.org/teams/2/light/52.png,€30.5M,€115K,1931,Right,3,5,2,Medium/ Medium,Lean,Yes,ST,9,"Jul 1, 2015",,2020,6'4,185lbs,82+3,82+3,82+3,77+3,80+3,80+3,80+3,77+3,78+3,78+3,78+3,76+3,74+3,74+3,74+3,76+3,59+3,61+3,61+3,61+3,59+3,56+3,55+3,55+3,55+3,56+3,63,89,84,77,77,76,65,54,72,84,65,66,57,83,36,86,66,76,80,79,51,50,89,74,67,83,58,28,16,9,11,13,15,15,€51.9M
179846,S. Khedira,31,Germany,https://cdn.sofifa.org/flags/21.png,85,85,Juventus,https://cdn.sofifa.org/teams/2/light/45.png,€33M,€160K,2154,Right,3,4,2,High/ High,Normal,Yes,RCM,6,"Jul 1, 2015",,2021,6'2,198lbs,77+3,77+3,77+3,76+3,78+3,78+3,78+3,76+3,79+3,79+3,79+3,77+3,82+3,82+3,82+3,77+3,78+3,83+3,83+3,83+3,78+3,77+3,81+3,81+3,81+3,77+3,72,72,76,85,78,81,68,68,82,84,54,60,55,87,54,82,68,78,87,78,82,86,79,82,69,84,80,83,76,11,9,5,15,8,€54.5M
179844,Diego Costa,29,Spain,https://cdn.sofifa.org/flags/45.png,85,85,Atlético Madrid,https://cdn.sofifa.org/teams/2/light/240.png,€38.5M,€100K,2003,Right,4,4,2,High/ Medium,Normal,Yes,LS,19,"Jan 1, 2018",,2021,6'2,190lbs,82+3,82+3,82+3,76+3,79+3,79+3,79+3,76+3,75+3,75+3,75+3,75+3,69+3,69+3,69+3,75+3,61+3,61+3,61+3,61+3,61+3,59+3,61+3,61+3,61+3,59+3,65,87,82,65,81,77,62,59,52,83,74,76,58,85,53,83,64,76,92,74,93,40,87,74,75,83,58,39,34,11,13,12,8,11,€78.9M
178518,R. Nainggolan,30,Belgium,https://cdn.sofifa.org/flags/7.png,85,85,Inter,https://cdn.sofifa.org/teams/2/light/44.png,€35.5M,€105K,2278,Right,3,3,3,High/ High,Stocky,Yes,CAM,14,"Jul 1, 2018",,2022,5'9,170lbs,78+3,78+3,78+3,80+3,81+3,81+3,81+3,80+3,81+3,81+3,81+3,80+3,83+3,83+3,83+3,80+3,83+3,84+3,84+3,84+3,83+3,83+3,81+3,81+3,81+3,83+3,73,75,59,84,75,80,73,68,81,85,78,73,76,87,82,84,76,93,77,86,88,86,86,76,63,84,83,86,90,11,11,14,8,11,€60.4M
171919,Naldo,35,Brazil,https://cdn.sofifa.org/flags/54.png,85,85,FC Schalke 04,https://cdn.sofifa.org/teams/2/light/34.png,€9M,€38K,1959,Right,3,4,2,Medium/ Medium,Lean,No,CB,29,"Jul 1, 2016",,2020,6'6,201lbs,70+3,70+3,70+3,62+3,66+3,66+3,66+3,62+3,65+3,65+3,65+3,63+3,70+3,70+3,70+3,63+3,72+3,77+3,77+3,77+3,72+3,75+3,82+3,82+3,82+3,75+3,45,57,94,76,60,60,52,76,70,68,60,65,46,85,36,92,45,61,83,82,72,83,53,59,60,84,86,88,85,14,10,14,8,14,€15.3M
170890,B. Matuidi,31,France,https://cdn.sofifa.org/flags/18.png,85,85,Juventus,https://cdn.sofifa.org/teams/2/light/45.png,€26M,€145K,2196,Left,3,2,2,High/ High,Lean,Yes,LM,14,"Aug 18, 2017",,2020,5'11,165lbs,74+3,74+3,74+3,76+3,76+3,76+3,76+3,76+3,77+3,77+3,77+3,78+3,79+3,79+3,79+3,78+3,83+3,83+3,83+3,83+3,83+3,82+3,81+3,81+3,81+3,82+3,75,64,68,83,72,78,65,52,77,79,79,77,83,84,79,78,84,94,76,70,86,86,72,76,56,82,85,84,86,8,11,5,10,14,€42.9M
168609,Miranda,33,Brazil,https://cdn.sofifa.org/flags/54.png,85,85,Inter,https://cdn.sofifa.org/teams/2/light/44.png,€15.5M,€96K,1879,Right,3,3,2,Medium/ High,Lean,Yes,CB,23,"Jul 1, 2017",,2020,6'1,172lbs,62+3,62+3,62+3,61+3,62+3,62+3,62+3,61+3,62+3,62+3,62+3,63+3,67+3,67+3,67+3,63+3,74+3,78+3,78+3,78+3,74+3,76+3,83+3,83+3,83+3,76+3,48,43,80,70,51,67,32,39,69,73,66,69,61,81,57,70,82,65,79,41,83,85,43,58,49,81,90,90,85,12,6,10,13,12,€26.4M
165153,K. Benzema,30,France,https://cdn.sofifa.org/flags/18.png,85,85,Real Madrid,https://cdn.sofifa.org/teams/2/light/243.png,€37M,€240K,2000,Right,4,4,4,Medium/ Low,Normal,Yes,ST,9,"Jul 9, 2009",,2021,6'1,179lbs,81+3,81+3,81+3,81+3,82+3,82+3,82+3,81+3,81+3,81+3,81+3,80+3,73+3,73+3,73+3,80+3,57+3,56+3,56+3,56+3,57+3,53+3,49+3,49+3,49+3,53+3,75,81,80,83,82,83,79,73,62,86,76,76,76,83,66,81,73,75,80,75,65,22,86,85,82,79,47,15,12,13,11,5,5,7,€75.9M
164169,Filipe Luís,32,Brazil,https://cdn.sofifa.org/flags/54.png,85,85,Atlético Madrid,https://cdn.sofifa.org/teams/2/light/240.png,€21.5M,€81K,2145,Left,3,3,3,High/ Medium,Lean,Yes,LB,3,"Jul 28, 2015",,2019,6'0,163lbs,72+3,72+3,72+3,75+3,74+3,74+3,74+3,75+3,75+3,75+3,75+3,77+3,78+3,78+3,78+3,77+3,83+3,81+3,81+3,81+3,83+3,82+3,80+3,80+3,80+3,82+3,86,59,72,80,56,77,74,75,77,83,76,75,75,85,62,71,71,89,74,60,81,84,71,70,65,88,78,84,86,11,15,9,9,5,€44.1M
139720,V. Kompany,32,Belgium,https://cdn.sofifa.org/flags/7.png,85,85,Manchester City,https://cdn.sofifa.org/teams/2/light/10.png,€22M,€170K,1898,Right,4,3,2,Medium/ High,Normal,Yes,CB,4,"Aug 22, 2008",,2019,6'3,187lbs,63+3,63+3,63+3,60+3,61+3,61+3,61+3,60+3,62+3,62+3,62+3,62+3,67+3,67+3,67+3,62+3,73+3,77+3,77+3,77+3,73+3,75+3,83+3,83+3,83+3,75+3,61,45,84,73,46,63,61,52,66,70,52,59,57,87,41,75,72,66,87,55,87,82,41,59,63,81,87,85,84,10,9,5,8,6,€40.7M
120533,Pepe,35,Portugal,https://cdn.sofifa.org/flags/38.png,85,85,Be?ikta? JK,https://cdn.sofifa.org/teams/2/light/327.png,€9M,€57K,1832,Right,4,3,2,Medium/ High,Lean,Yes,RCB,3,"Jul 4, 2017",,2019,6'2,179lbs,60+3,60+3,60+3,58+3,59+3,59+3,59+3,58+3,59+3,59+3,59+3,58+3,63+3,63+3,63+3,58+3,71+3,75+3,75+3,75+3,71+3,74+3,82+3,82+3,82+3,74+3,46,46,80,70,23,58,44,47,61,62,65,70,63,83,49,63,76,60,86,56,94,85,40,48,57,79,86,85,82,8,15,5,9,10,€17.1M
41236,Z. Ibrahimovi?,36,Sweden,https://cdn.sofifa.org/flags/46.png,85,85,LA Galaxy,https://cdn.sofifa.org/teams/2/light/697.png,€14M,€15K,2012,Right,5,4,5,Medium/ Low,Normal,Yes,RS,9,"Mar 23, 2018",,2022,6'5,209lbs,82+4,82+4,82+4,77+4,80+4,80+4,80+4,77+4,79+4,79+4,79+4,76+4,73+4,73+4,73+4,76+4,55+4,57+4,57+4,57+4,55+4,51+4,52+4,52+4,52+4,51+4,73,86,83,79,86,79,82,82,73,84,58,59,75,82,39,90,68,61,86,82,84,20,85,79,89,90,28,37,24,13,15,10,9,12,€21M
220793,D. Sánchez,22,Colombia,https://cdn.sofifa.org/flags/56.png,84,88,Tottenham Hotspur,https://cdn.sofifa.org/teams/2/light/18.png,€34M,€105K,1809,Right,2,3,2,Medium/ High,Normal,Yes,RCB,23,"Aug 26, 2017",,2024,6'2,174lbs,61+2,61+2,61+2,59+2,60+2,60+2,60+2,59+2,61+2,61+2,61+2,62+2,66+2,66+2,66+2,62+2,74+2,78+2,78+2,78+2,74+2,76+2,82+2,82+2,82+2,76+2,36,40,80,77,28,63,30,27,67,73,72,79,60,80,55,66,73,76,83,44,87,82,34,49,44,75,84,85,88,9,7,10,6,15,€65.5M
216460,J. Giménez,23,Uruguay,https://cdn.sofifa.org/flags/60.png,84,88,Atlético Madrid,https://cdn.sofifa.org/teams/2/light/240.png,€34M,€63K,1758,Right,2,3,2,Medium/ High,Normal,Yes,RCB,24,"Jul 1, 2013",,2023,6'1,176lbs,56+2,56+2,56+2,51+2,51+2,51+2,51+2,51+2,50+2,50+2,50+2,53+2,56+2,56+2,56+2,53+2,71+2,73+2,73+2,73+2,71+2,74+2,83+2,83+2,83+2,74+2,47,37,81,68,30,47,36,44,58,56,69,70,56,76,43,72,92,67,85,48,89,85,24,27,38,73,88,86,87,9,11,7,10,15,€72.3M
212462,Alex Telles,25,Brazil,https://cdn.sofifa.org/flags/54.png,84,87,FC Porto,https://cdn.sofifa.org/teams/2/light/236.png,€32M,€22K,2259,Left,3,2,3,High/ Medium,Lean,Yes,LB,13,"Jul 13, 2016",,2021,5'11,157lbs,76+3,76+3,76+3,79+3,78+3,78+3,78+3,79+3,79+3,79+3,79+3,81+3,81+3,81+3,81+3,81+3,83+3,81+3,81+3,81+3,83+3,82+3,78+3,78+3,78+3,82+3,89,65,74,83,67,82,87,79,86,82,84,85,73,83,70,80,81,92,68,75,78,80,76,74,68,80,80,81,79,13,8,12,11,14,€66.4M
212218,A. Laporte,24,France,https://cdn.sofifa.org/flags/18.png,84,88,Manchester City,https://cdn.sofifa.org/teams/2/light/10.png,€34M,€135K,1912,Left,2,3,2,Medium/ Medium,Normal,Yes,LCB,14,"Jan 30, 2018",,2023,6'2,187lbs,64+2,64+2,64+2,61+2,63+2,63+2,63+2,61+2,63+2,63+2,63+2,64+2,70+2,70+2,70+2,64+2,75+2,79+2,79+2,79+2,75+2,77+2,82+2,82+2,82+2,77+2,58,45,85,76,40,59,61,69,78,73,62,66,45,83,55,68,75,67,82,47,75,85,54,57,44,77,85,86,87,10,11,5,14,5,€65.5M
212198,Bruno Fernandes,23,Portugal,https://cdn.sofifa.org/flags/38.png,84,88,Sporting CP,https://cdn.sofifa.org/teams/2/light/237.png,€40.5M,€22K,2223,Right,2,3,4,High/ Medium,Lean,No,LCM,8,"Jul 1, 2017",,2023,5'10,152lbs,77+2,77+2,77+2,81+2,81+2,81+2,81+2,81+2,82+2,82+2,82+2,82+2,82+2,82+2,82+2,82+2,75+2,75+2,75+2,75+2,75+2,73+2,67+2,67+2,67+2,73+2,84,73,58,85,84,83,85,81,82,85,79,76,77,84,78,87,72,89,67,88,65,70,79,86,81,83,63,66,53,12,14,15,8,14,€84M
212190,N. Süle,22,Germany,https://cdn.sofifa.org/flags/21.png,84,90,FC Bayern München,https://cdn.sofifa.org/teams/2/light/21.png,€36.5M,€84K,1648,Right,2,3,2,Medium/ Medium,Stocky,No,CB,15,"Jul 1, 2017",,2022,6'5,214lbs,56+2,56+2,56+2,49+2,52+2,52+2,52+2,49+2,52+2,52+2,52+2,52+2,60+2,60+2,60+2,52+2,69+2,75+2,75+2,75+2,69+2,73+2,81+2,81+2,81+2,73+2,30,20,86,78,31,42,28,30,63,63,52,84,33,79,33,77,38,65,94,62,82,82,26,30,32,72,82,85,83,15,7,14,7,15,€67.5M
211300,A. Martial,22,France,https://cdn.sofifa.org/flags/18.png,84,90,Manchester United,https://cdn.sofifa.org/teams/2/light/11.png,€42.5M,€165K,2064,Right,3,3,4,Medium/ Medium,Normal,Yes,LW,11,"Sep 1, 2015",,2019,6'0,168lbs,81+3,81+3,81+3,82+3,82+3,82+3,82+3,82+3,80+3,80+3,80+3,81+3,73+3,73+3,73+3,81+3,64+3,60+3,60+3,60+3,64+3,61+3,54+3,54+3,54+3,61+3,76,84,69,77,74,87,84,54,60,86,88,89,85,81,81,84,74,75,75,80,58,42,83,73,81,79,38,39,36,9,8,8,15,11,€87.1M
211117,D. Alli,22,England,https://cdn.sofifa.org/flags/14.png,84,90,Tottenham Hotspur,https://cdn.sofifa.org/teams/2/light/18.png,€42.5M,€115K,2189,Right,3,3,4,High/ High,Lean,Yes,LCM,20,"Feb 2, 2015",,2024,6'2,176lbs,81+3,81+3,81+3,81+3,82+3,82+3,82+3,81+3,83+3,83+3,83+3,81+3,83+3,83+3,83+3,81+3,76+3,78+3,78+3,78+3,76+3,75+3,73+3,73+3,73+3,75+3,69,83,77,85,79,83,75,68,80,85,73,76,76,85,62,78,67,90,71,80,84,74,86,85,74,86,70,70,63,7,6,9,11,8,€87.1M
209499,Fabinho,24,Brazil,https://cdn.sofifa.org/flags/54.png,84,88,Liverpool,https://cdn.sofifa.org/teams/2/light/9.png,€34M,€120K,2164,Right,3,2,3,Medium/ Medium,Lean,No,CDM,3,"Jul 1, 2018",,2023,6'2,172lbs,73+3,73+3,73+3,75+3,75+3,75+3,75+3,75+3,76+3,76+3,76+3,77+3,79+3,79+3,79+3,77+3,82+3,83+3,83+3,83+3,82+3,82+3,82+3,82+3,82+3,82+3,79,66,75,83,47,76,71,53,78,82,69,72,69,83,67,78,75,92,79,65,85,84,70,75,91,84,83,86,84,13,12,6,8,8,€67.2M
207865,Marquinhos,24,Brazil,https://cdn.sofifa.org/flags/54.png,84,89,Paris Saint-Germain,https://cdn.sofifa.org/teams/2/light/73.png,€35.5M,€90K,1879,Right,3,3,2,Medium/ Medium,Lean,Yes,LDM,5,"Jul 19, 2013",,2022,6'0,165lbs,59+3,59+3,59+3,63+3,61+3,61+3,61+3,63+3,63+3,63+3,63+3,67+3,69+3,69+3,69+3,67+3,79+3,80+3,80+3,80+3,79+3,80+3,82+3,82+3,82+3,80+3,72,33,80,81,31,59,49,32,78,76,73,76,69,81,68,53,86,75,74,35,80,84,46,51,31,79,85,87,87,6,6,12,10,13,€68.3M
207566,William Carvalho,26,Portugal,https://cdn.sofifa.org/flags/38.png,84,86,Real Betis,https://cdn.sofifa.org/teams/2/light/449.png,€31.5M,€38K,1985,Right,3,4,3,Medium/ Medium,Normal,Yes,CDM,14,"Jul 13, 2018",,2023,6'2,183lbs,66+3,66+3,66+3,69+3,69+3,69+3,69+3,69+3,73+3,73+3,73+3,72+3,79+3,79+3,79+3,72+3,75+3,82+3,82+3,82+3,75+3,75+3,79+3,79+3,79+3,75+3,68,52,73,84,50,80,79,50,86,79,49,53,51,75,51,59,69,84,90,55,75,84,64,83,60,89,84,85,68,6,6,5,14,14,€68.5M
205498,Jorginho,26,Italy,https://cdn.sofifa.org/flags/27.png,84,87,Chelsea,https://cdn.sofifa.org/teams/2/light/5.png,€38M,€155K,2136,Right,2,3,3,Medium/ Medium,Lean,No,CM,8,"Jul 16, 2018",,2023,5'11,148lbs,70+2,70+2,70+2,77+2,76+2,76+2,76+2,77+2,80+2,80+2,80+2,79+2,82+2,82+2,82+2,79+2,77+2,79+2,79+2,79+2,77+2,75+2,72+2,72+2,72+2,75+2,75,57,56,89,71,82,75,76,87,85,75,69,80,83,73,71,58,79,66,62,79,78,72,87,84,79,63,78,70,14,7,13,14,8,€73.2M
204970,F. Thauvin,25,France,https://cdn.sofifa.org/flags/18.png,84,87,Olympique de Marseille,https://cdn.sofifa.org/teams/2/light/219.png,€39M,€72K,2091,Left,2,3,4,High/ Medium,Normal,Yes,RM,20,"Jul 1, 2017",,2021,5'10,154lbs,81+2,81+2,81+2,83+2,83+2,83+2,83+2,83+2,82+2,82+2,82+2,83+2,77+2,77+2,77+2,83+2,65+2,62+2,62+2,62+2,65+2,61+2,53+2,53+2,53+2,61+2,83,81,75,83,74,85,86,72,76,86,87,80,86,83,71,83,76,83,66,82,56,42,83,80,74,82,46,29,31,8,11,14,10,9,€77M
204963,Carvajal,26,Spain,https://cdn.sofifa.org/flags/45.png,84,87,Real Madrid,https://cdn.sofifa.org/teams/2/light/243.png,€31.5M,€185K,2040,Right,3,3,3,High/ High,Stocky,Yes,RB,2,"Jul 5, 2013",,2022,5'8,161lbs,65+3,65+3,65+3,71+3,68+3,68+3,68+3,71+3,70+3,70+3,70+3,74+3,73+3,73+3,73+3,74+3,82+3,80+3,80+3,80+3,82+3,82+3,80+3,80+3,80+3,82+3,83,41,70,81,34,76,72,47,71,83,79,84,81,82,79,64,76,84,74,36,81,83,61,57,45,77,83,83,85,13,13,15,9,15,€66.9M
202556,M. Depay,24,Netherlands,https://cdn.sofifa.org/flags/34.png,84,89,Olympique Lyonnais,https://cdn.sofifa.org/teams/2/light/66.png,€42M,€93K,2083,Right,3,3,5,High/ Low,Stocky,Yes,ST,10,"Jan 20, 2017",,2021,5'9,172lbs,80+3,80+3,80+3,82+3,82+3,82+3,82+3,82+3,82+3,82+3,82+3,82+3,75+3,75+3,75+3,82+3,60+3,58+3,58+3,58+3,60+3,56+3,50+3,50+3,50+3,56+3,79,79,65,80,74,85,85,88,74,85,87,87,82,79,79,87,74,79,80,81,76,28,83,82,75,79,29,31,20,8,14,6,12,10,€83M
200104,H. Son,25,Korea Republic,https://cdn.sofifa.org/flags/167.png,84,85,Tottenham Hotspur,https://cdn.sofifa.org/teams/2/light/18.png,€37M,€125K,2079,Right,3,5,4,High/ High,Lean,Yes,LM,7,"Aug 28, 2015",,2023,6'0,143lbs,82+3,82+3,82+3,84+3,84+3,84+3,84+3,84+3,83+3,83+3,83+3,82+3,76+3,76+3,76+3,82+3,65+3,61+3,61+3,61+3,65+3,61+3,53+3,53+3,53+3,61+3,78,85,65,79,79,88,81,70,64,85,88,87,82,84,76,86,63,85,63,88,60,39,85,80,71,82,48,34,33,11,13,13,6,10,€71.2M
199482,A. Lopes,27,Portugal,https://cdn.sofifa.org/flags/38.png,84,86,Olympique Lyonnais,https://cdn.sofifa.org/teams/2/light/66.png,€25M,€72K,1355,Left,2,2,1,Medium/ Medium,Normal,Yes,GK,1,"Jul 1, 2011",,2020,6'0,179lbs,,,,,,,,,,,,,,,,,,,,,,,,,,,19,18,16,32,13,15,15,14,31,21,63,64,67,84,62,20,82,36,73,18,43,25,9,48,16,65,13,15,13,86,80,75,81,88,€49.4M
198176,S. de Vrij,26,Netherlands,https://cdn.sofifa.org/flags/34.png,84,86,Inter,https://cdn.sofifa.org/teams/2/light/44.png,€31.5M,€88K,1808,Right,3,4,2,Medium/ High,Normal,No,CB,14,"Jul 1, 2018",,2023,6'2,172lbs,57+3,57+3,57+3,58+3,58+3,58+3,58+3,58+3,61+3,61+3,61+3,60+3,67+3,67+3,67+3,60+3,73+3,77+3,77+3,77+3,73+3,76+3,82+3,82+3,82+3,76+3,49,25,80,71,27,63,45,16,71,71,67,69,61,80,59,65,76,66,80,60,78,87,32,59,41,82,88,87,83,8,10,7,14,13,€55.9M
198009,M. Perin,25,Italy,https://cdn.sofifa.org/flags/27.png,84,89,Juventus,https://cdn.sofifa.org/teams/2/light/45.png,€29.5M,€105K,1254,Right,2,3,1,Medium/ Medium,Lean,No,GK,22,"Jul 1, 2018",,2022,6'2,170lbs,,,,,,,,,,,,,,,,,,,,,,,,,,,11,11,12,33,19,19,15,13,31,23,57,56,70,79,30,23,75,30,52,17,25,19,12,44,21,65,20,12,19,81,85,71,79,90,€50.9M
193082,J. Cuadrado,30,Colombia,https://cdn.sofifa.org/flags/56.png,84,84,Juventus,https://cdn.sofifa.org/teams/2/light/45.png,€29.5M,€150K,2163,Right,3,3,5,High/ Medium,Lean,Yes,RAM,11,"Feb 2, 2015",,2020,5'10,159lbs,76+3,76+3,76+3,82+3,81+3,81+3,81+3,82+3,81+3,81+3,81+3,81+3,77+3,77+3,77+3,81+3,76+3,72+3,72+3,72+3,76+3,75+3,69+3,69+3,69+3,75+3,80,67,58,80,70,90,78,69,69,85,89,93,91,80,82,84,75,78,61,80,78,62,78,76,65,80,63,70,74,5,5,13,6,9,€48.7M
192629,Iago Aspas,30,Spain,https://cdn.sofifa.org/flags/45.png,84,84,RC Celta,https://cdn.sofifa.org/teams/2/light/450.png,€30M,€45K,2057,Left,2,3,3,High/ High,Lean,Yes,ST,17,"Jul 1, 2015",,2022,5'9,148lbs,82+2,82+2,82+2,83+2,83+2,83+2,83+2,83+2,81+2,81+2,81+2,81+2,73+2,73+2,73+2,81+2,61+2,57+2,57+2,57+2,61+2,56+2,49+2,49+2,49+2,56+2,80,88,78,79,83,86,80,76,64,85,85,78,87,85,74,79,68,75,60,82,63,39,86,75,82,85,39,21,18,12,16,9,12,13,€63M
192563,B. Leno,26,Germany,https://cdn.sofifa.org/flags/21.png,84,87,Arsenal,https://cdn.sofifa.org/teams/2/light/1.png,€27M,€115K,1278,Right,3,4,1,Medium/ Medium,Normal,No,GK,12,"Jul 1, 2018",,2023,6'3,183lbs,,,,,,,,,,,,,,,,,,,,,,,,,,,9,9,13,45,10,16,9,8,40,22,46,52,52,80,44,23,73,43,68,14,28,22,7,54,23,66,27,15,18,84,82,75,85,82,€53.3M
191202,N. Mati?,29,Serbia,https://cdn.sofifa.org/flags/51.png,84,84,Manchester United,https://cdn.sofifa.org/teams/2/light/11.png,€24M,€165K,2100,Left,3,3,3,Medium/ High,Lean,Yes,CDM,31,"Jul 31, 2017",,2020,6'4,187lbs,73+3,73+3,73+3,72+3,74+3,74+3,74+3,72+3,74+3,74+3,74+3,74+3,79+3,79+3,79+3,74+3,78+3,82+3,82+3,82+3,78+3,77+3,80+3,80+3,80+3,77+3,71,64,74,84,73,80,72,67,83,79,52,59,44,83,50,83,67,84,85,75,80,86,69,73,64,84,83,84,75,7,15,12,14,9,€44.4M
190941,L. Hrádecký,28,Finland,https://cdn.sofifa.org/flags/17.png,84,84,Bayer 04 Leverkusen,https://cdn.sofifa.org/teams/2/light/32.png,€22M,€74K,1132,Right,2,3,1,Medium/ Medium,Lean,No,GK,1,"Jul 1, 2018",,2023,6'4,187lbs,,,,,,,,,,,,,,,,,,,,,,,,,,,11,11,11,15,9,10,11,15,20,20,38,44,43,83,39,14,69,34,55,14,31,18,9,53,20,48,10,10,13,85,79,68,82,88,€37.4M
190584,Illarramendi,28,Spain,https://cdn.sofifa.org/flags/45.png,84,84,Real Sociedad,https://cdn.sofifa.org/teams/2/light/457.png,€31M,€51K,2097,Right,2,3,4,Medium/ High,Normal,Yes,RDM,4,"Aug 26, 2015",,2023,5'10,165lbs,72+2,72+2,72+2,76+2,77+2,77+2,77+2,76+2,79+2,79+2,79+2,77+2,82+2,82+2,82+2,77+2,77+2,81+2,81+2,81+2,77+2,76+2,75+2,75+2,75+2,76+2,68,72,51,86,58,78,76,68,82,83,66,57,71,84,75,69,63,77,68,76,76,87,79,86,50,79,69,83,80,15,7,11,14,12,€65.1M
188377,K. Walker,28,England,https://cdn.sofifa.org/flags/14.png,84,84,Manchester City,https://cdn.sofifa.org/teams/2/light/10.png,€24.5M,€165K,2175,Right,3,2,2,High/ High,Normal,Yes,RB,2,"Jul 14, 2017",,2022,6'0,154lbs,72+3,72+3,72+3,75+3,74+3,74+3,74+3,75+3,73+3,73+3,73+3,77+3,75+3,75+3,75+3,77+3,82+3,78+3,78+3,78+3,82+3,82+3,79+3,79+3,79+3,82+3,81,51,74,78,57,79,76,71,67,78,86,93,67,83,72,86,83,89,75,69,78,81,67,69,63,75,78,84,83,12,6,16,15,8,€45.3M
186942,I. Gündo?an,27,Germany,https://cdn.sofifa.org/flags/21.png,84,84,Manchester City,https://cdn.sofifa.org/teams/2/light/10.png,€32M,€175K,2138,Right,3,4,4,High/ Medium,Normal,Yes,CM,21,"Jul 1, 2016",,2020,5'11,176lbs,75+3,75+3,75+3,79+3,80+3,80+3,80+3,79+3,82+3,82+3,82+3,80+3,82+3,82+3,82+3,80+3,75+3,77+3,77+3,77+3,75+3,72+3,70+3,70+3,70+3,72+3,74,73,50,88,75,85,81,74,83,86,67,68,78,85,78,77,61,69,72,73,70,77,79,86,76,87,73,68,64,11,14,5,5,13,€59.2M
185020,José Callejón,31,Spain,https://cdn.sofifa.org/flags/45.png,84,84,Napoli,https://cdn.sofifa.org/teams/2/light/48.png,€27.5M,€105K,2045,Right,3,3,3,High/ High,Lean,Yes,RM,7,"Jul 11, 2013",,2020,5'10,161lbs,79+3,79+3,79+3,82+3,82+3,82+3,82+3,82+3,81+3,81+3,81+3,81+3,73+3,73+3,73+3,81+3,67+3,60+3,60+3,60+3,67+3,63+3,54+3,54+3,54+3,63+3,82,78,65,80,84,82,73,65,51,85,88,89,85,82,80,78,73,91,55,80,54,40,88,78,62,79,64,32,32,8,5,14,11,11,€46.8M
183898,A. Di María,30,Argentina,https://cdn.sofifa.org/flags/52.png,84,84,Paris Saint-Germain,https://cdn.sofifa.org/teams/2/light/73.png,€29.5M,€125K,2113,Left,4,2,5,High/ Medium,Lean,Yes,RM,11,"Aug 6, 2015",,2021,5'11,152lbs,76+3,76+3,76+3,82+3,81+3,81+3,81+3,82+3,82+3,82+3,82+3,82+3,77+3,77+3,77+3,82+3,68+3,65+3,65+3,65+3,68+3,65+3,57+3,57+3,57+3,65+3,83,72,51,82,77,86,84,82,79,85,85,84,92,80,77,83,72,73,60,77,73,38,82,82,73,82,35,59,56,10,7,11,12,11,€54.6M
181783,M. Mandžuki?,32,Croatia,https://cdn.sofifa.org/flags/10.png,84,84,Juventus,https://cdn.sofifa.org/teams/2/light/45.png,€25M,€160K,2106,Right,3,3,3,High/ High,Lean,Yes,ST,17,"Jul 1, 2015",,2020,6'3,187lbs,81+3,81+3,81+3,76+3,78+3,78+3,78+3,76+3,76+3,76+3,76+3,76+3,75+3,75+3,75+3,76+3,71+3,72+3,72+3,72+3,71+3,71+3,72+3,72+3,72+3,71+3,72,84,90,75,86,76,64,49,67,77,67,73,67,86,53,80,85,83,85,60,88,66,90,74,76,80,59,64,64,10,8,5,8,15,€41.3M
180403,Willian,29,Brazil,https://cdn.sofifa.org/flags/54.png,84,84,Chelsea,https://cdn.sofifa.org/teams/2/light/5.png,€30.5M,€175K,2052,Right,3,4,4,High/ High,Lean,Yes,RW,22,"Aug 28, 2013",,2020,5'9,172lbs,74+3,74+3,74+3,82+3,81+3,81+3,81+3,82+3,82+3,82+3,82+3,82+3,79+3,79+3,79+3,82+3,71+3,67+3,67+3,67+3,71+3,66+3,54+3,54+3,54+3,66+3,76,77,31,80,59,88,82,83,77,84,91,86,89,82,79,79,41,85,60,81,44,55,80,83,70,79,43,57,51,14,12,13,7,13,€56.4M
178750,Sergio Asenjo,29,Spain,https://cdn.sofifa.org/flags/45.png,84,85,Villarreal CF,https://cdn.sofifa.org/teams/2/light/483.png,€24M,€42K,1333,Right,2,3,1,Medium/ Medium,Stocky,No,GK,1,"Jun 30, 2014",,2022,6'2,192lbs,,,,,,,,,,,,,,,,,,,,,,,,,,,24,14,13,39,15,15,23,22,39,14,59,54,62,79,58,24,73,41,73,13,20,22,12,46,15,64,24,15,14,85,83,77,82,84,€52.2M
178562,E. Banega,30,Argentina,https://cdn.sofifa.org/flags/52.png,84,84,Sevilla FC,https://cdn.sofifa.org/teams/2/light/481.png,€29M,€31K,2133,Right,3,4,4,Medium/ Medium,Normal,Yes,CDM,10,"Jul 3, 2017",,2020,5'9,157lbs,71+3,71+3,71+3,78+3,77+3,77+3,77+3,78+3,81+3,81+3,81+3,79+3,82+3,82+3,82+3,79+3,75+3,78+3,78+3,78+3,75+3,72+3,69+3,69+3,69+3,72+3,80,66,49,88,65,84,83,81,87,86,68,64,79,77,83,74,57,74,67,78,73,76,75,88,78,80,75,69,64,13,8,7,7,10,€60.9M
177413,A. Witsel,29,Belgium,https://cdn.sofifa.org/flags/7.png,84,84,Borussia Dortmund,https://cdn.sofifa.org/teams/2/light/22.png,€24M,€77K,2200,Right,3,4,4,Medium/ Medium,Lean,No,LCM,6,"Aug 17, 2018",,2022,6'2,179lbs,77+3,77+3,77+3,77+3,78+3,78+3,78+3,77+3,79+3,79+3,79+3,78+3,81+3,81+3,81+3,78+3,80+3,82+3,82+3,82+3,80+3,80+3,81+3,81+3,81+3,80+3,69,71,80,89,77,78,69,68,79,84,67,74,78,84,60,78,76,86,82,74,82,80,75,79,81,89,80,79,85,5,7,7,10,7,€40.8M
177388,D. Payet,31,France,https://cdn.sofifa.org/flags/18.png,84,84,Olympique de Marseille,https://cdn.sofifa.org/teams/2/light/219.png,€27.5M,€75K,2053,Right,3,4,4,High/ Low,Normal,Yes,CAM,18,"Jan 30, 2017",,2021,5'9,170lbs,77+3,77+3,77+3,82+3,81+3,81+3,81+3,82+3,82+3,82+3,82+3,82+3,78+3,78+3,78+3,82+3,63+3,61+3,61+3,61+3,63+3,59+3,50+3,50+3,50+3,59+3,87,78,59,84,77,86,90,84,80,90,75,72,79,75,80,80,48,73,72,82,57,37,79,87,74,82,32,36,39,11,15,9,14,12,€52.3M
176769,Jonas,34,Brazil,https://cdn.sofifa.org/flags/54.png,84,84,SL Benfica,https://cdn.sofifa.org/teams/2/light/234.png,€16.5M,€25K,2023,Right,3,5,3,High/ Medium,Lean,Yes,ST,10,"Sep 12, 2014",,2020,5'11,163lbs,82+3,82+3,82+3,80+3,82+3,82+3,82+3,80+3,81+3,81+3,81+3,78+3,76+3,76+3,76+3,78+3,58+3,58+3,58+3,58+3,58+3,54+3,51+3,51+3,51+3,54+3,70,88,84,76,85,84,85,77,75,88,65,64,77,85,69,84,69,66,63,85,61,34,87,83,84,87,31,36,25,12,11,7,8,5,€33M
172879,Sokratis,30,Greece,https://cdn.sofifa.org/flags/22.png,84,84,Arsenal,https://cdn.sofifa.org/teams/2/light/1.png,€23M,€140K,1797,Right,3,2,2,Medium/ High,Normal,Yes,RCB,19,"Jul 2, 2018",,2021,6'1,187lbs,62+3,62+3,62+3,56+3,58+3,58+3,58+3,56+3,56+3,56+3,56+3,57+3,59+3,59+3,59+3,57+3,70+3,71+3,71+3,71+3,70+3,73+3,81+3,81+3,81+3,73+3,47,44,85,60,46,58,29,35,51,58,64,73,60,81,64,77,86,69,86,48,88,77,49,45,24,82,85,87,85,6,8,5,12,5,€43.7M
167628,S. Ruffier,31,France,https://cdn.sofifa.org/flags/18.png,84,84,AS Saint-Étienne,https://cdn.sofifa.org/teams/2/light/1819.png,€19M,€41K,1254,Right,3,3,1,Medium/ Medium,Stocky,No,GK,16,"Jul 11, 2011",,2021,6'2,205lbs,,,,,,,,,,,,,,,,,,,,,,,,,,,11,11,12,33,13,12,17,12,34,15,45,50,51,78,55,21,72,37,76,11,31,25,12,49,25,66,13,12,11,82,84,77,85,82,€36.1M
167397,Falcao,32,Colombia,https://cdn.sofifa.org/flags/56.png,84,84,AS Monaco,https://cdn.sofifa.org/teams/2/light/69.png,€25M,€115K,2026,Right,3,4,3,High/ Medium,Normal,Yes,RS,9,"Jul 1, 2013",,2020,5'10,159lbs,81+3,81+3,81+3,76+3,79+3,79+3,79+3,76+3,77+3,77+3,77+3,74+3,72+3,72+3,72+3,74+3,57+3,59+3,59+3,59+3,57+3,55+3,57+3,57+3,57+3,55+3,55,86,89,79,84,75,83,73,58,82,69,66,76,85,75,79,91,68,75,80,75,41,88,70,81,87,39,42,19,10,13,6,9,5,€47.5M
163587,K. Schmeichel,31,Denmark,https://cdn.sofifa.org/flags/13.png,84,84,Leicester City,https://cdn.sofifa.org/teams/2/light/95.png,€19M,€78K,1351,Right,2,3,1,Medium/ Medium,Stocky,Yes,GK,1,"Jun 1, 2011",,2023,6'2,196lbs,,,,,,,,,,,,,,,,,,,,,,,,,,,18,12,16,44,15,12,13,15,46,40,59,60,62,81,47,36,60,34,64,14,35,20,13,59,26,67,14,14,13,82,77,82,80,88,€36.1M
157481,Raúl Albiol,32,Spain,https://cdn.sofifa.org/flags/45.png,84,84,Napoli,https://cdn.sofifa.org/teams/2/light/48.png,€18M,€88K,1765,Right,3,3,2,Low/ High,Lean,Yes,RCB,33,"Jul 21, 2013",,2021,6'3,181lbs,55+3,55+3,55+3,54+3,56+3,56+3,56+3,54+3,59+3,59+3,59+3,57+3,66+3,66+3,66+3,57+3,70+3,78+3,78+3,78+3,70+3,72+3,82+3,82+3,82+3,72+3,38,27,77,74,31,59,53,45,72,71,54,53,53,82,56,65,77,55,82,53,81,86,30,57,37,75,89,87,85,8,6,5,9,8,€30.6M
143076,A. Gómez,30,Argentina,https://cdn.sofifa.org/flags/52.png,84,84,Atalanta,https://cdn.sofifa.org/teams/2/light/39.png,€30M,€53K,2049,Right,3,4,4,High/ Medium,Normal,No,LS,10,"Sep 2, 2014",,2022,5'5,150lbs,75+3,75+3,75+3,84+3,82+3,82+3,82+3,84+3,84+3,84+3,84+3,83+3,77+3,77+3,77+3,83+3,66+3,61+3,61+3,61+3,66+3,60+3,48+3,48+3,48+3,60+3,82,76,38,82,72,89,79,79,74,87,94,86,92,83,94,76,70,75,48,79,56,40,81,85,72,84,50,30,34,8,11,12,9,6,€51M
137186,A. Barzagli,37,Italy,https://cdn.sofifa.org/flags/27.png,84,84,Juventus,https://cdn.sofifa.org/teams/2/light/45.png,€4.2M,€95K,1740,Right,3,3,2,Low/ High,Normal,Yes,CB,15,"Jan 1, 2011",,2019,6'2,192lbs,52+3,52+3,52+3,54+3,55+3,55+3,55+3,54+3,57+3,57+3,57+3,57+3,63+3,63+3,63+3,57+3,71+3,75+3,75+3,75+3,71+3,74+3,82+3,82+3,82+3,74+3,40,21,72,65,35,64,50,31,65,65,61,77,52,80,64,54,81,53,83,39,66,90,28,62,60,88,94,90,82,4,2,4,2,4,€6.9M
20775,Quaresma,34,Portugal,https://cdn.sofifa.org/flags/38.png,84,84,Be?ikta? JK,https://cdn.sofifa.org/teams/2/light/327.png,€15.5M,€80K,1988,Right,3,4,5,High/ Low,Normal,Yes,RM,7,"Jul 22, 2015",,2020,5'9,148lbs,73+3,73+3,73+3,82+3,80+3,80+3,80+3,82+3,81+3,81+3,81+3,82+3,74+3,74+3,74+3,82+3,58+3,54+3,54+3,54+3,58+3,51+3,41+3,41+3,41+3,51+3,92,67,41,79,80,89,94,73,75,88,84,82,91,78,84,79,63,65,55,80,74,24,78,84,74,80,29,17,13,12,14,10,5,15,€29.5M
9014,A. Robben,34,Netherlands,https://cdn.sofifa.org/flags/34.png,84,84,FC Bayern München,https://cdn.sofifa.org/teams/2/light/21.png,€15.5M,€110K,2044,Left,4,2,4,High/ Low,Normal,Yes,RM,10,"Aug 28, 2009",,2019,5'11,176lbs,80+3,80+3,80+3,84+3,84+3,84+3,84+3,84+3,83+3,83+3,83+3,82+3,76+3,76+3,76+3,82+3,60+3,57+3,57+3,57+3,60+3,55+3,46+3,46+3,46+3,55+3,80,85,51,82,86,89,90,81,71,88,83,76,87,85,90,86,60,64,67,86,47,37,84,80,78,85,30,26,26,10,8,11,5,15,€25.6M
231443,O. Dembélé,21,France,https://cdn.sofifa.org/flags/18.png,83,92,FC Barcelona,https://cdn.sofifa.org/teams/2/light/241.png,€40M,€155K,1993,Left,3,5,4,High/ Low,Lean,Yes,RW,11,"Aug 28, 2017",,2022,5'10,148lbs,76+3,76+3,76+3,83+3,82+3,82+3,82+3,83+3,82+3,82+3,82+3,82+3,74+3,74+3,74+3,82+3,63+3,58+3,58+3,58+3,63+3,59+3,46+3,46+3,46+3,59+3,78,78,43,78,76,90,78,64,70,83,93,92,90,82,85,83,59,73,46,70,54,36,79,84,75,75,42,30,33,6,6,14,10,13,€90M
230666,Gabriel Jesus,21,Brazil,https://cdn.sofifa.org/flags/54.png,83,92,Manchester City,https://cdn.sofifa.org/teams/2/light/10.png,€41M,€130K,2051,Right,2,3,4,High/ High,Normal,Yes,ST,33,"Aug 3, 2016",,2023,5'9,161lbs,81+2,81+2,81+2,82+2,83+2,83+2,83+2,82+2,81+2,81+2,81+2,81+2,73+2,73+2,73+2,81+2,61+2,59+2,59+2,59+2,61+2,57+2,52+2,52+2,52+2,57+2,66,84,74,76,72,86,76,54,66,85,87,85,92,86,91,78,77,84,68,73,73,32,88,77,78,82,53,23,19,13,8,6,6,15,€84.1M
230481,Ronaldo Cabrais,26,Brazil,https://cdn.sofifa.org/flags/54.png,83,83,Grêmio,https://cdn.sofifa.org/teams/2/light/1629.png,€28M,€51K,2095,Right,1,4,4,High/ Medium,Normal,No,RW,7,"Jan 1, 2018",,2021,5'10,165lbs,78+2,78+2,78+2,82+2,82+2,82+2,82+2,82+2,82+2,82+2,82+2,83+2,78+2,78+2,78+2,83+2,65+2,61+2,61+2,61+2,65+2,60+2,50+2,50+2,50+2,60+2,83,74,64,83,76,85,86,78,82,83,88,87,85,84,76,82,64,86,70,78,62,40,82,83,77,81,24,35,33,12,12,13,15,13,€50.4M
230375,Josué Chiamulera,26,Brazil,https://cdn.sofifa.org/flags/54.png,83,83,Grêmio,https://cdn.sofifa.org/teams/2/light/1629.png,€22.5M,€43K,1894,Right,1,3,2,Medium/ Medium,Normal,No,LCB,4,"Jan 1, 2018",,2021,6'1,176lbs,59+2,59+2,59+2,59+2,59+2,59+2,59+2,59+2,59+2,59+2,59+2,61+2,64+2,64+2,64+2,61+2,74+2,76+2,76+2,76+2,74+2,77+2,81+2,81+2,81+2,77+2,40,38,83,74,44,56,45,49,61,70,83,78,77,85,68,53,69,76,73,41,88,84,38,42,56,71,85,87,82,16,15,13,15,10,€40.5M
230294,Louri Beretta,26,Brazil,https://cdn.sofifa.org/flags/54.png,83,83,Atlético Mineiro,https://cdn.sofifa.org/teams/2/light/1035.png,€28.5M,€60K,1921,Right,1,3,4,High/ Low,Normal,No,ST,9,"Jan 1, 2018",,2021,6'2,183lbs,81+2,81+2,81+2,74+2,77+2,77+2,77+2,74+2,73+2,73+2,73+2,71+2,64+2,64+2,64+2,71+2,53+2,51+2,51+2,51+2,53+2,51+2,51+2,51+2,51+2,51+2,56,85,83,73,82,75,59,67,47,74,79,83,55,84,55,85,84,56,87,82,65,32,83,58,77,79,26,27,24,8,11,20,19,20,€54.2M
225850,P. Kimpembe,22,France,https://cdn.sofifa.org/flags/18.png,83,89,Paris Saint-Germain,https://cdn.sofifa.org/teams/2/light/73.png,€30.5M,€82K,1899,Left,2,3,3,High/ High,Normal,Yes,LCB,3,"Jul 1, 2015",,2023,6'2,176lbs,59+2,59+2,59+2,62+2,60+2,60+2,60+2,62+2,64+2,64+2,64+2,66+2,69+2,69+2,69+2,66+2,77+2,79+2,79+2,79+2,77+2,78+2,81+2,81+2,81+2,78+2,62,31,79,79,33,58,50,32,75,78,75,78,74,79,65,55,77,80,84,39,85,83,39,60,50,80,80,83,83,7,8,14,15,9,€62.5M
220971,N. Keïta,23,Guinea,https://cdn.sofifa.org/flags/118.png,83,88,Liverpool,https://cdn.sofifa.org/teams/2/light/9.png,€34M,€120K,2082,Right,2,4,4,High/ Medium,Lean,Yes,CM,8,"Jul 1, 2018",,2023,5'8,141lbs,73+2,73+2,73+2,79+2,79+2,79+2,79+2,79+2,82+2,82+2,82+2,79+2,81+2,81+2,81+2,79+2,73+2,76+2,76+2,76+2,73+2,70+2,66+2,66+2,66+2,70+2,62,74,42,88,71,88,64,70,78,88,78,60,89,82,90,76,53,82,58,73,78,75,74,81,58,79,68,62,61,7,14,15,14,9,€67.2M
219683,C. Tolisso,23,France,https://cdn.sofifa.org/flags/18.png,83,88,FC Bayern München,https://cdn.sofifa.org/teams/2/light/21.png,€34M,€85K,2207,Right,2,3,3,High/ Medium,Normal,Yes,CM,24,"Jul 1, 2017",,2022,5'11,179lbs,78+2,78+2,78+2,77+2,78+2,78+2,78+2,77+2,79+2,79+2,79+2,78+2,81+2,81+2,81+2,78+2,76+2,80+2,80+2,80+2,76+2,76+2,77+2,77+2,77+2,76+2,67,75,82,84,62,77,66,73,86,81,75,66,75,83,74,82,90,87,77,81,81,76,79,80,70,74,75,78,71,7,10,14,9,14,€58.7M
213565,T. Lemar,22,France,https://cdn.sofifa.org/flags/18.png,83,89,Atlético Madrid,https://cdn.sofifa.org/teams/2/light/240.png,€35.5M,€64K,2173,Left,3,2,4,High/ Medium,Lean,Yes,LM,8,"Jul 1, 2018",,2023,5'7,137lbs,76+3,76+3,76+3,82+3,81+3,81+3,81+3,82+3,82+3,82+3,82+3,82+3,79+3,79+3,79+3,82+3,74+3,71+3,71+3,71+3,74+3,72+3,64+3,64+3,64+3,72+3,83,75,54,84,78,85,85,81,75,86,86,84,87,80,86,79,71,79,63,76,63,66,77,85,68,80,55,59,63,11,15,13,7,14,€79.9M
213345,K. Coman,22,France,https://cdn.sofifa.org/flags/18.png,83,87,FC Bayern München,https://cdn.sofifa.org/teams/2/light/21.png,€34M,€85K,1918,Right,2,3,5,Medium/ Low,Lean,Yes,LM,29,"Aug 30, 2015",,2023,5'10,157lbs,76+2,76+2,76+2,82+2,80+2,80+2,80+2,82+2,80+2,80+2,80+2,81+2,71+2,71+2,71+2,81+2,58+2,51+2,51+2,51+2,58+2,53+2,40+2,40+2,40+2,53+2,81,76,52,77,77,88,84,70,63,83,95,93,87,81,84,77,75,76,61,73,36,23,79,75,70,75,29,17,15,5,3,5,3,5,€58.7M
213331,J. Tah,22,Germany,https://cdn.sofifa.org/flags/21.png,83,88,Bayer 04 Leverkusen,https://cdn.sofifa.org/teams/2/light/32.png,€29.5M,€67K,1673,Right,2,4,2,Medium/ Medium,Stocky,No,CB,20,"Jul 16, 2015",,2023,6'5,214lbs,52+2,52+2,52+2,52+2,53+2,53+2,53+2,52+2,57+2,57+2,57+2,57+2,64+2,64+2,64+2,57+2,70+2,76+2,76+2,76+2,70+2,73+2,81+2,81+2,81+2,73+2,35,20,80,74,24,55,30,27,69,64,64,77,48,82,44,44,72,63,93,25,76,80,27,61,38,75,80,88,84,11,8,7,9,14,€52.4M
212523,Anderson Talisca,24,Brazil,https://cdn.sofifa.org/flags/54.png,83,90,Guangzhou Evergrande Taobao FC,https://cdn.sofifa.org/teams/2/light/111839.png,€36.5M,€18K,2142,Left,2,4,4,High/ Medium,Normal,No,CAM,24,,SL Benfica,"Dec 31, 2018",6'3,176lbs,80+2,80+2,80+2,81+2,81+2,81+2,81+2,81+2,81+2,81+2,81+2,80+2,79+2,79+2,79+2,80+2,69+2,69+2,69+2,69+2,69+2,67+2,64+2,64+2,64+2,67+2,78,80,77,81,76,82,86,87,79,84,77,76,76,79,65,84,58,76,72,88,67,58,86,81,71,74,55,62,42,13,11,13,12,10,
212188,T. Werner,22,Germany,https://cdn.sofifa.org/flags/21.png,83,87,RB Leipzig,https://cdn.sofifa.org/teams/2/light/112172.png,€34.5M,€70K,1967,Right,3,4,3,High/ Medium,Normal,Yes,RW,9,"Jul 1, 2016",,2020,5'11,165lbs,81+3,81+3,81+3,81+3,81+3,81+3,81+3,81+3,78+3,78+3,78+3,80+3,69+3,69+3,69+3,80+3,61+3,55+3,55+3,55+3,61+3,57+3,49+3,49+3,49+3,57+3,69,87,76,77,82,83,62,56,55,84,93,93,81,86,76,74,78,83,59,67,63,37,85,61,72,74,39,20,19,9,9,8,15,9,€61.2M
210008,A. Rabiot,23,France,https://cdn.sofifa.org/flags/18.png,83,87,Paris Saint-Germain,https://cdn.sofifa.org/teams/2/light/73.png,€33M,€91K,2184,Left,2,3,3,High/ Medium,Lean,Yes,CM,25,"Jul 1, 2012",,2019,6'4,176lbs,77+2,77+2,77+2,77+2,78+2,78+2,78+2,77+2,79+2,79+2,79+2,78+2,81+2,81+2,81+2,78+2,78+2,80+2,80+2,80+2,78+2,77+2,77+2,77+2,77+2,77+2,70,69,77,85,72,79,73,59,83,83,73,74,79,83,72,80,73,82,80,79,76,80,76,80,69,82,70,81,75,9,12,9,7,15,€63.5M
209658,L. Goretzka,23,Germany,https://cdn.sofifa.org/flags/21.png,83,88,FC Bayern München,https://cdn.sofifa.org/teams/2/light/21.png,€34M,€85K,2203,Right,3,4,3,High/ High,Lean,Yes,CM,14,"Jul 1, 2018",,2022,6'2,174lbs,77+3,77+3,77+3,79+3,79+3,79+3,79+3,79+3,80+3,80+3,80+3,80+3,81+3,81+3,81+3,80+3,80+3,80+3,80+3,80+3,80+3,79+3,77+3,77+3,77+3,79+3,75,72,75,84,68,81,76,75,79,83,84,79,76,83,70,77,67,86,70,78,80,83,77,82,60,80,70,79,78,13,8,15,11,9,€58.7M
208808,Q. Promes,26,Netherlands,https://cdn.sofifa.org/flags/34.png,83,84,Sevilla FC,https://cdn.sofifa.org/teams/2/light/481.png,€30.5M,€28K,2056,Right,2,4,5,High/ Low,Lean,No,RM,9,"Aug 31, 2018",,2023,5'9,159lbs,79+2,79+2,79+2,83+2,82+2,82+2,82+2,83+2,81+2,81+2,81+2,82+2,75+2,75+2,75+2,82+2,63+2,58+2,58+2,58+2,63+2,59+2,49+2,49+2,49+2,59+2,79,86,60,78,69,84,75,76,73,82,90,91,87,82,79,82,82,83,61,83,60,33,79,81,74,78,36,30,32,10,13,6,7,13,€66.3M
208670,H. Ziyech,25,Morocco,https://cdn.sofifa.org/flags/129.png,83,86,Ajax,https://cdn.sofifa.org/teams/2/light/245.png,€32.5M,€28K,2098,Left,3,2,4,High/ High,Lean,Yes,RAM,22,"Aug 30, 2016",,2021,5'11,143lbs,73+3,73+3,73+3,80+3,79+3,79+3,79+3,80+3,81+3,81+3,81+3,81+3,82+3,82+3,82+3,81+3,71+3,72+3,72+3,72+3,71+3,67+3,60+3,60+3,60+3,67+3,84,68,53,86,77,83,90,78,89,83,76,74,85,82,78,80,38,86,59,75,71,62,75,88,73,83,52,66,36,11,7,11,8,14,€47.9M
208618,Lucas Vázquez,27,Spain,https://cdn.sofifa.org/flags/45.png,83,83,Real Madrid,https://cdn.sofifa.org/teams/2/light/243.png,€27M,€205K,2048,Right,2,4,4,High/ High,Normal,Yes,RW,17,"Jul 2, 2015",,2021,5'8,154lbs,75+2,75+2,75+2,81+2,80+2,80+2,80+2,81+2,81+2,81+2,81+2,82+2,78+2,78+2,78+2,82+2,69+2,65+2,65+2,65+2,69+2,65+2,55+2,55+2,55+2,65+2,86,73,52,83,54,82,82,75,75,83,84,79,79,85,84,82,68,90,57,80,65,44,81,83,56,75,42,50,44,9,16,9,9,7,€55.4M
208418,Y. Carrasco,24,Belgium,https://cdn.sofifa.org/flags/7.png,83,86,Dalian YiFang FC,https://cdn.sofifa.org/teams/2/light/112378.png,€33M,€20K,2015,Right,3,4,4,High/ Medium,Lean,Yes,LM,10,"Feb 26, 2018",,2021,5'11,161lbs,78+3,78+3,78+3,82+3,81+3,81+3,81+3,82+3,80+3,80+3,80+3,81+3,73+3,73+3,73+3,81+3,62+3,58+3,58+3,58+3,62+3,58+3,50+3,50+3,50+3,58+3,78,79,53,77,68,88,81,78,71,87,89,87,88,83,71,84,68,74,59,75,61,18,81,71,74,75,58,39,26,9,11,9,10,10,€73.4M
208093,Gerard Moreno,26,Spain,https://cdn.sofifa.org/flags/45.png,83,85,Villarreal CF,https://cdn.sofifa.org/teams/2/light/483.png,€32M,€53K,1967,Left,1,4,4,High/ Medium,Lean,Yes,LS,7,"Jul 2, 2018",,2023,5'11,170lbs,80+2,80+2,80+2,76+2,78+2,78+2,78+2,76+2,75+2,75+2,75+2,74+2,69+2,69+2,69+2,74+2,61+2,59+2,59+2,59+2,61+2,60+2,56+2,56+2,56+2,60+2,61,83,80,78,79,78,71,56,56,81,77,80,70,82,69,81,72,72,74,77,55,40,83,58,73,72,43,41,41,15,12,7,12,10,€69.6M
207863,Felipe,29,Brazil,https://cdn.sofifa.org/flags/54.png,83,83,FC Porto,https://cdn.sofifa.org/teams/2/light/236.png,€20M,€22K,1788,Right,3,3,2,Medium/ High,Normal,No,RCB,28,"Jul 1, 2016",,2021,6'3,190lbs,56+3,56+3,56+3,55+3,55+3,55+3,55+3,55+3,57+3,57+3,57+3,58+3,64+3,64+3,64+3,58+3,71+3,76+3,76+3,76+3,71+3,73+3,81+3,81+3,81+3,73+3,45,39,81,74,44,57,32,30,67,62,60,67,52,77,57,46,90,78,86,41,92,81,34,50,47,75,85,85,79,9,11,14,9,7,€40M
207410,M. Kova?i?,24,Croatia,https://cdn.sofifa.org/flags/10.png,83,89,Chelsea,https://cdn.sofifa.org/teams/2/light/5.png,€35M,€165K,2115,Right,3,4,4,High/ High,Normal,Yes,LCM,17,,Real Madrid,"Jun 30, 2019",5'9,172lbs,71+3,71+3,71+3,79+3,78+3,78+3,78+3,79+3,81+3,81+3,81+3,80+3,82+3,82+3,82+3,80+3,76+3,78+3,78+3,78+3,76+3,74+3,69+3,69+3,69+3,74+3,73,62,42,87,76,88,78,68,82,89,84,74,81,70,85,79,63,82,65,75,77,78,69,88,59,72,69,75,63,9,5,6,7,7,
206585,Kepa,23,Spain,https://cdn.sofifa.org/flags/45.png,83,91,Chelsea,https://cdn.sofifa.org/teams/2/light/5.png,€28.5M,€84K,1223,Right,1,4,1,Medium/ Medium,Lean,Yes,GK,13,"Aug 8, 2018",,2025,6'1,187lbs,,,,,,,,,,,,,,,,,,,,,,,,,,,25,11,17,32,18,10,25,19,36,16,34,33,41,79,39,25,71,37,51,14,18,21,15,55,24,63,19,18,16,84,80,76,80,84,€58.4M
206545,Manu Trigueros,26,Spain,https://cdn.sofifa.org/flags/45.png,83,84,Villarreal CF,https://cdn.sofifa.org/teams/2/light/483.png,€30M,€49K,2121,Right,2,4,4,Medium/ Medium,Lean,Yes,RCM,14,"Jul 1, 2011",,2022,5'10,165lbs,75+2,75+2,75+2,77+2,78+2,78+2,78+2,77+2,80+2,80+2,80+2,78+2,81+2,81+2,81+2,78+2,73+2,76+2,76+2,76+2,73+2,72+2,71+2,71+2,71+2,72+2,72,71,74,86,63,80,80,69,83,83,68,65,76,82,72,81,77,77,63,80,71,69,77,84,65,73,70,73,60,9,14,12,7,8,€65.3M
206113,S. Gnabry,22,Germany,https://cdn.sofifa.org/flags/21.png,83,88,FC Bayern München,https://cdn.sofifa.org/teams/2/light/21.png,€34.5M,€85K,2041,Right,2,4,4,High/ Medium,Normal,Yes,ST,6,"Jul 1, 2017",,2020,5'9,165lbs,78+2,78+2,78+2,82+2,81+2,81+2,81+2,82+2,80+2,80+2,80+2,80+2,74+2,74+2,74+2,80+2,65+2,62+2,62+2,62+2,65+2,62+2,54+2,54+2,54+2,62+2,74,81,46,79,83,87,64,62,68,83,92,90,87,80,88,85,64,68,68,81,63,38,80,74,68,74,45,48,45,14,10,10,9,7,€59.5M
204935,J. Pickford,24,England,https://cdn.sofifa.org/flags/14.png,83,88,Everton,https://cdn.sofifa.org/teams/2/light/7.png,€25M,€78K,1435,Left,1,4,1,Medium/ Medium,Normal,Yes,GK,1,"Jun 15, 2017",,2024,6'1,170lbs,,,,,,,,,,,,,,,,,,,,,,,,,,,17,19,15,55,20,14,18,16,55,40,53,44,55,83,55,31,72,45,70,13,30,24,18,68,41,69,16,20,12,83,78,88,81,86,€49.4M
204639,S. Savi?,27,Montenegro,https://cdn.sofifa.org/flags/15.png,83,86,Atlético Madrid,https://cdn.sofifa.org/teams/2/light/240.png,€26M,€67K,1696,Right,2,3,2,Medium/ High,Lean,Yes,CB,15,"Jul 20, 2015",,2020,6'2,174lbs,53+2,53+2,53+2,51+2,52+2,52+2,52+2,51+2,54+2,54+2,54+2,54+2,61+2,61+2,61+2,54+2,68+2,75+2,75+2,75+2,68+2,72+2,81+2,81+2,81+2,72+2,35,34,85,72,27,47,34,28,69,68,55,61,61,82,49,43,87,58,77,31,83,84,29,41,37,75,86,83,84,14,13,14,13,12,€55.3M
203574,J. Stones,24,England,https://cdn.sofifa.org/flags/14.png,83,87,Manchester City,https://cdn.sofifa.org/teams/2/light/10.png,€28.5M,€125K,1858,Right,2,4,3,High/ Medium,Lean,Yes,RCB,5,"Aug 9, 2016",,2022,6'2,154lbs,59+2,59+2,59+2,64+2,63+2,63+2,63+2,64+2,66+2,66+2,66+2,68+2,72+2,72+2,72+2,68+2,77+2,80+2,80+2,80+2,77+2,78+2,81+2,81+2,81+2,78+2,62,29,83,81,27,69,47,29,74,80,67,71,61,82,59,46,75,79,77,38,79,81,48,67,44,80,85,85,82,7,15,11,10,8,€54.9M
202651,Suso,24,Spain,https://cdn.sofifa.org/flags/45.png,83,86,Milan,https://cdn.sofifa.org/teams/2/light/47.png,€33M,€115K,1959,Left,3,3,4,High/ Medium,Lean,No,RW,11,"Jan 17, 2015",,2022,5'9,154lbs,74+3,74+3,74+3,82+3,81+3,81+3,81+3,82+3,83+3,83+3,83+3,82+3,76+3,76+3,76+3,82+3,60+3,56+3,56+3,56+3,60+3,55+3,42+3,42+3,42+3,55+3,84,70,50,86,72,88,87,80,75,89,83,77,86,78,84,78,50,77,56,87,23,20,76,84,72,76,50,23,18,15,15,9,8,9,€58.6M
202166,J. Draxler,24,Germany,https://cdn.sofifa.org/flags/21.png,83,86,Paris Saint-Germain,https://cdn.sofifa.org/teams/2/light/73.png,€32.5M,€91K,2112,Right,3,5,4,Medium/ Medium,Lean,Yes,CM,7,"Jan 3, 2017",,2021,6'2,170lbs,79+3,79+3,79+3,83+3,82+3,82+3,82+3,83+3,83+3,83+3,83+3,82+3,80+3,80+3,80+3,82+3,70+3,69+3,69+3,69+3,70+3,67+3,61+3,61+3,61+3,67+3,83,78,65,84,84,88,78,76,79,89,78,77,80,83,75,86,75,69,66,82,48,66,79,84,63,83,39,64,44,11,13,5,13,8,€62.6M
201995,Felipe Anderson,25,Brazil,https://cdn.sofifa.org/flags/54.png,83,85,West Ham United,https://cdn.sofifa.org/teams/2/light/19.png,€31.5M,€110K,2042,Right,3,4,4,High/ Medium,Normal,No,LM,8,"Jul 15, 2018",,2022,5'9,154lbs,74+3,74+3,74+3,82+3,80+3,80+3,80+3,82+3,81+3,81+3,81+3,81+3,77+3,77+3,77+3,81+3,72+3,69+3,69+3,69+3,72+3,69+3,59+3,59+3,59+3,69+3,79,71,44,80,68,90,71,69,74,88,93,89,89,74,88,83,38,72,53,84,67,69,73,79,53,82,47,60,54,12,10,9,5,7,€62.2M
200949,Lucas Moura,25,Brazil,https://cdn.sofifa.org/flags/54.png,83,84,Tottenham Hotspur,https://cdn.sofifa.org/teams/2/light/18.png,€31M,€115K,2075,Right,3,3,4,High/ Medium,Normal,Yes,RM,27,"Jan 31, 2018",,2023,5'9,154lbs,76+3,76+3,76+3,81+3,80+3,80+3,80+3,81+3,80+3,80+3,80+3,80+3,74+3,74+3,74+3,80+3,66+3,62+3,62+3,62+3,66+3,63+3,54+3,54+3,54+3,63+3,75,78,50,77,70,88,69,74,74,81,94,90,94,76,90,79,77,75,59,76,72,50,80,74,74,80,31,43,51,9,10,14,7,14,€59.7M
200888,Danilo Pereira,26,Portugal,https://cdn.sofifa.org/flags/38.png,83,86,FC Porto,https://cdn.sofifa.org/teams/2/light/236.png,€27M,€21K,2028,Right,3,3,3,Medium/ High,Normal,No,CDM,22,"Jul 2, 2015",,2022,6'2,183lbs,72+3,72+3,72+3,69+3,72+3,72+3,72+3,69+3,73+3,73+3,73+3,71+3,77+3,77+3,77+3,71+3,75+3,81+3,81+3,81+3,75+3,75+3,81+3,81+3,81+3,75+3,50,61,78,82,55,76,48,53,79,78,63,68,58,76,60,76,67,83,89,65,85,84,69,73,52,84,83,84,75,9,7,13,14,15,€56M
200724,Nacho Fernández,28,Spain,https://cdn.sofifa.org/flags/45.png,83,85,Real Madrid,https://cdn.sofifa.org/teams/2/light/243.png,€24.5M,€180K,1855,Right,2,4,2,Medium/ High,Normal,Yes,CB,12,"Aug 1, 2010",,2021,5'11,168lbs,58+2,58+2,58+2,61+2,59+2,59+2,59+2,61+2,60+2,60+2,60+2,64+2,66+2,66+2,66+2,64+2,77+2,77+2,77+2,77+2,77+2,79+2,80+2,80+2,80+2,79+2,70,32,82,80,38,55,55,37,61,78,70,79,60,79,68,54,81,78,79,28,78,81,37,53,45,73,75,86,85,12,7,10,15,7,€52.1M
200316,T. Horn,25,Germany,https://cdn.sofifa.org/flags/21.png,83,87,1. FC Köln,https://cdn.sofifa.org/teams/2/light/31.png,€24M,€25K,1261,Left,2,3,1,Medium/ Medium,Normal,No,GK,1,"Jul 1, 2011",,2023,6'4,198lbs,,,,,,,,,,,,,,,,,,,,,,,,,,,19,13,14,35,14,20,12,15,32,22,45,51,50,80,31,22,64,31,67,17,41,22,15,55,21,20,14,13,12,83,80,83,82,86,€37.8M
199914,Allan,27,Brazil,https://cdn.sofifa.org/flags/54.png,83,83,Napoli,https://cdn.sofifa.org/teams/2/light/48.png,€26.5M,€87K,2157,Right,2,3,4,Medium/ High,Normal,No,RCM,5,"Jul 22, 2015",,2023,5'9,163lbs,74+2,74+2,74+2,78+2,78+2,78+2,78+2,78+2,79+2,79+2,79+2,79+2,81+2,81+2,81+2,79+2,82+2,83+2,83+2,83+2,82+2,82+2,80+2,80+2,80+2,82+2,70,72,59,85,56,82,65,49,77,80,81,74,82,86,80,70,70,95,77,66,87,86,79,79,53,79,85,85,83,13,13,5,5,8,€45.1M
199845,F. Acerbi,30,Italy,https://cdn.sofifa.org/flags/27.png,83,83,Lazio,https://cdn.sofifa.org/teams/2/light/46.png,€19M,€64K,1849,Left,2,3,3,Medium/ Medium,Normal,No,CB,13,"Jul 11, 2018",,2023,6'4,194lbs,58+2,58+2,58+2,55+2,59+2,59+2,59+2,55+2,61+2,61+2,61+2,59+2,69+2,69+2,69+2,59+2,71+2,79+2,79+2,79+2,71+2,74+2,81+2,81+2,81+2,74+2,25,37,80,73,39,65,62,56,77,72,65,55,33,81,35,75,68,81,83,60,73,85,20,65,72,85,87,87,85,11,9,9,13,11,€32.3M
199564,Sergi Roberto,26,Spain,https://cdn.sofifa.org/flags/45.png,83,86,FC Barcelona,https://cdn.sofifa.org/teams/2/light/241.png,€26.5M,€170K,2106,Right,3,3,4,High/ High,Normal,Yes,RB,20,"Jul 1, 2013",,2022,5'10,150lbs,71+3,71+3,71+3,77+3,76+3,76+3,76+3,77+3,78+3,78+3,78+3,79+3,80+3,80+3,80+3,79+3,82+3,80+3,80+3,80+3,82+3,81+3,76+3,76+3,76+3,81+3,85,63,72,86,50,78,74,60,78,83,78,79,69,80,74,65,47,85,69,66,68,81,69,83,57,76,75,83,83,14,16,11,15,10,€56.3M
198329,Rodrigo,27,Spain,https://cdn.sofifa.org/flags/45.png,83,84,Valencia CF,https://cdn.sofifa.org/teams/2/light/461.png,€30.5M,€57K,2060,Left,2,3,4,High/ Medium,Lean,Yes,ST,9,"Dec 3, 2014",,2022,6'0,170lbs,80+2,80+2,80+2,80+2,81+2,81+2,81+2,80+2,79+2,79+2,79+2,79+2,71+2,71+2,71+2,79+2,63+2,59+2,59+2,59+2,63+2,61+2,55+2,55+2,55+2,61+2,72,78,80,78,77,82,83,67,58,82,88,91,84,80,77,83,78,78,72,76,60,31,83,74,77,77,44,41,40,7,13,10,11,5,€66.3M
197965,Pizzi,28,Portugal,https://cdn.sofifa.org/flags/38.png,83,83,SL Benfica,https://cdn.sofifa.org/teams/2/light/234.png,€25.5M,€22K,2149,Right,3,4,3,High/ Medium,Lean,No,LCM,21,"Jul 30, 2013",,2022,5'10,159lbs,74+3,74+3,74+3,80+3,79+3,79+3,79+3,80+3,81+3,81+3,81+3,81+3,81+3,81+3,81+3,81+3,74+3,74+3,74+3,74+3,74+3,71+3,64+3,64+3,64+3,71+3,79,76,45,83,77,80,83,76,84,82,82,73,77,81,77,75,67,86,59,78,68,70,84,85,76,85,66,66,52,15,14,9,9,15,€51M
195365,K. Kampl,27,Slovenia,https://cdn.sofifa.org/flags/44.png,83,83,RB Leipzig,https://cdn.sofifa.org/teams/2/light/112172.png,€26.5M,€74K,2076,Right,2,4,3,High/ High,Lean,Yes,LCM,44,"Aug 31, 2017",,2021,5'10,148lbs,69+2,69+2,69+2,79+2,77+2,77+2,77+2,79+2,80+2,80+2,80+2,79+2,80+2,80+2,80+2,79+2,75+2,74+2,74+2,74+2,75+2,72+2,63+2,63+2,63+2,72+2,72,63,34,84,68,86,78,75,79,84,84,71,91,84,80,69,67,88,47,73,64,75,73,82,64,83,65,64,59,13,11,7,6,16,€45.1M
194404,Neto,28,Brazil,https://cdn.sofifa.org/flags/54.png,83,84,Valencia CF,https://cdn.sofifa.org/teams/2/light/461.png,€21M,€41K,1295,Right,2,2,1,Medium/ Medium,Lean,Yes,GK,13,"Jul 7, 2017",,2021,6'3,185lbs,,,,,,,,,,,,,,,,,,,,,,,,,,,11,15,14,36,12,19,12,13,41,24,53,49,59,79,49,28,80,39,63,20,40,15,11,42,22,64,17,14,15,85,79,79,78,82,€45.7M
193698,O. Baumann,28,Germany,https://cdn.sofifa.org/flags/21.png,83,84,TSG 1899 Hoffenheim,https://cdn.sofifa.org/teams/2/light/10029.png,€21M,€42K,1222,Right,2,1,1,Medium/ Medium,Normal,No,GK,1,"Jul 1, 2014",,2021,6'2,181lbs,,,,,,,,,,,,,,,,,,,,,,,,,,,14,11,16,30,11,19,12,11,25,17,47,51,45,81,43,21,73,39,69,13,32,21,10,41,22,52,15,18,14,82,82,70,82,85,€37.3M
193474,I. Gueye,28,Senegal,https://cdn.sofifa.org/flags/136.png,83,83,Everton,https://cdn.sofifa.org/teams/2/light/7.png,€21M,€125K,2055,Right,2,3,3,Medium/ High,Lean,Yes,RDM,17,"Aug 3, 2016",,2022,5'9,146lbs,69+2,69+2,69+2,71+2,71+2,71+2,71+2,71+2,72+2,72+2,72+2,72+2,76+2,76+2,76+2,72+2,79+2,81+2,81+2,81+2,79+2,80+2,81+2,81+2,81+2,80+2,60,50,69,80,32,75,33,61,72,79,76,72,80,81,80,80,87,89,70,66,84,87,67,67,54,80,84,89,84,8,6,8,12,13,€39.9M
192883,H. Mkhitaryan,29,Armenia,https://cdn.sofifa.org/flags/3.png,83,83,Arsenal,https://cdn.sofifa.org/teams/2/light/1.png,€25.5M,€145K,2100,Right,3,5,4,Medium/ Medium,Normal,Yes,RM,7,"Jan 22, 2018",,2021,5'10,165lbs,76+3,76+3,76+3,81+3,80+3,80+3,80+3,81+3,81+3,81+3,81+3,80+3,78+3,78+3,78+3,80+3,70+3,68+3,68+3,68+3,70+3,67+3,59+3,59+3,59+3,67+3,77,74,53,80,81,84,83,64,71,86,84,78,87,79,85,85,69,83,62,73,69,64,82,84,72,76,41,53,55,5,11,14,5,7,€48.5M
